Year,State,18-44 percentage,45-64 percentage,65-74 percentage,75+ percentage
2000.0,Median of States,1.8,8.8,14.6,12.7
2001.0,Median of States,2.0,9.6,15.4,14.1
2002.0,Median of States,2.1,9.4,16.0,15.9
2003.0,Median of States,2.2,9.6,17.3,15.5
2004.0,Median of States,2.2,9.5,17.2,15.5
2005.0,Median of States,2.3,9.9,18.5,16.0
2006.0,Median of States,2.3,10.5,18.7,16.9
2007.0,Median of States,2.5,11.0,19.8,17.9
2008.0,Median of States,2.6,11.3,20.0,18.4
2009.0,Median of States,2.8,11.0,19.9,18.7
2010.0,Median of States,2.7,11.5,20.6,18.7
2011.0,Median of States,2.9,12.8,21.7,19.8
2012.0,Median of States,3.0,12.8,21.5,20.0
2013.0,Median of States,2.8,13.0,21.8,20.5
2014.0,Median of States,2.8,13.2,22.3,21.6
2015.0,Median of States,2.6,12.9,22.5,21.2
2016.0,Median of States,2.7,13.7,23.1,21.3
2017.0,Median of States,2.9,13.9,21.6,21.7
2018.0,Median of States,3.1,14.4,23.0,21.9
2019.0,Median of States,2.9,13.9,22.3,22.1
2020.0,Median of States,3.2,13.9,21.6,21.9
2021.0,Median of States,3.0,14.4,20.6,21.9
2000.0,Guam,,,,
2000.0,Virgin Islands of the U.S.,,,,
2000.0,Alabama,2.3,11.4,15.4,15.5
2000.0,Alaska,1.1,8.3,,
2000.0,Arizona,1.4,10.7,13.4,
2000.0,Arkansas,2.2,8.7,12.7,12.5
2000.0,California,2.9,9.3,15.9,16.6
2000.0,Colorado,0.9,6.9,18.9,12.3
2000.0,Connecticut,1.5,7.2,15.6,10.5
2000.0,Delaware,2.2,8.7,15.4,14.9
2000.0,District of Columbia,1.7,9.2,24.4,19.7
2000.0,Florida,1.7,9.7,14.0,13.9
2000.0,Georgia,2.0,10.6,19.0,14.9
2000.0,Hawaii,1.4,7.6,14.3,10.4
2000.0,Idaho,1.4,6.9,12.8,9.7
2000.0,Illinois,1.4,8.8,15.8,16.8
2000.0,Indiana,1.2,9.2,14.8,16.0
2000.0,Iowa,2.0,6.5,18.1,12.8
2000.0,Kansas,1.6,8.2,17.2,9.9
2000.0,Kentucky,1.6,10.3,14.9,12.7
2000.0,Louisiana,2.3,10.3,14.6,14.7
2000.0,Maine,1.6,8.8,12.9,13.4
2000.0,Maryland,2.7,9.8,14.5,11.0
2000.0,Massachusetts,1.3,8.6,14.3,14.0
2000.0,Michigan,2.2,11.0,14.5,15.4
2000.0,Minnesota,0.8,7.0,16.2,10.8
2000.0,Mississippi,3.1,9.4,18.9,17.8
2000.0,Missouri,1.8,9.0,14.6,17.1
2000.0,Montana,1.0,5.4,15.6,11.6
2000.0,Nebraska,1.3,7.7,11.0,10.5
2000.0,Nevada,1.7,8.8,19.8,
2000.0,New Hampshire,0.9,7.2,9.7,13.7
2000.0,New Jersey,1.6,8.8,13.1,11.4
2000.0,New Mexico,2.1,9.8,16.6,12.9
2000.0,New York,2.1,8.4,14.5,15.8
2000.0,North Carolina,1.9,9.1,13.6,18.8
2000.0,North Dakota,1.5,6.6,15.7,10.1
2000.0,Ohio,2.0,8.7,14.1,14.7
2000.0,Oklahoma,2.5,7.3,9.8,12.0
2000.0,Oregon,2.3,9.5,10.9,9.4
2000.0,Pennsylvania,1.9,9.1,18.3,14.5
2000.0,Rhode Island,1.9,8.8,13.2,12.2
2000.0,South Carolina,1.9,11.8,15.5,15.5
2000.0,South Dakota,2.0,7.6,12.9,11.7
2000.0,Tennessee,2.2,12.2,15.0,10.0
2000.0,Texas,1.9,11.6,12.9,10.2
2000.0,Utah,1.6,8.2,16.7,11.4
2000.0,Vermont,1.2,6.2,12.8,9.9
2000.0,Virginia,1.8,9.8,16.5,11.3
2000.0,Washington,2.4,7.2,11.9,12.7
2000.0,West Virginia,1.9,13.0,13.8,10.9
2000.0,Wisconsin,1.6,9.5,13.9,12.7
2000.0,Wyoming,1.8,6.9,10.9,12.0
2000.0,Puerto Rico,2.4,13.1,25.8,21.9
2001.0,Alabama,3.2,13.3,20.7,23.8
2001.0,Alaska,1.0,6.8,16.2,
2001.0,Arizona,2.1,8.7,11.3,16.7
2001.0,Arkansas,2.7,11.2,16.2,13.1
2001.0,California,2.0,11.2,13.9,12.3
2001.0,Colorado,1.3,6.3,10.8,17.9
2001.0,Connecticut,2.0,8.5,15.3,13.1
2001.0,Delaware,2.9,9.9,15.1,13.4
2001.0,District of Columbia,2.5,11.4,25.9,18.3
2001.0,Florida,2.6,10.7,17.3,13.0
2001.0,Georgia,2.0,11.2,18.7,11.6
2001.0,Hawaii,2.1,7.9,17.6,12.1
2001.0,Idaho,2.0,7.0,11.6,14.3
2001.0,Illinois,1.4,10.0,16.3,16.5
2001.0,Indiana,2.4,9.4,14.3,12.3
2001.0,Iowa,1.9,6.3,13.2,14.8
2001.0,Kansas,1.8,7.5,15.2,12.8
2001.0,Kentucky,2.6,9.9,12.9,12.6
2001.0,Louisiana,2.6,11.4,20.1,12.9
2001.0,Maine,1.8,9.1,16.8,15.0
2001.0,Maryland,2.2,10.4,13.6,18.7
2001.0,Massachusetts,1.5,7.1,17.1,11.9
2001.0,Michigan,2.4,10.5,17.0,15.0
2001.0,Minnesota,1.3,5.2,12.3,11.9
2001.0,Mississippi,3.9,13.2,20.6,16.7
2001.0,Missouri,1.9,10.4,14.2,10.0
2001.0,Montana,1.8,7.0,14.2,11.5
2001.0,Nebraska,0.9,8.4,11.0,12.8
2001.0,Nevada,1.6,8.3,16.1,7.9
2001.0,New Hampshire,1.4,7.1,15.4,14.2
2001.0,New Jersey,2.6,10.0,17.7,11.7
2001.0,New Mexico,1.6,10.3,14.8,11.9
2001.0,New York,2.0,10.0,13.4,14.4
2001.0,North Carolina,1.5,10.8,15.7,14.1
2001.0,North Dakota,1.4,7.8,8.6,14.1
2001.0,Ohio,2.2,11.0,15.3,14.3
2001.0,Oklahoma,2.4,9.9,20.5,16.7
2001.0,Oregon,1.8,6.5,16.3,12.8
2001.0,Pennsylvania,1.5,9.0,13.8,17.7
2001.0,Rhode Island,2.1,8.1,17.9,13.1
2001.0,South Carolina,2.7,13.2,18.1,11.1
2001.0,South Dakota,1.6,8.1,14.2,15.2
2001.0,Tennessee,2.4,11.4,15.0,19.3
2001.0,Texas,2.5,10.8,17.1,15.2
2001.0,Utah,1.4,6.3,12.5,10.4
2001.0,Vermont,0.9,6.4,16.6,14.9
2001.0,Virginia,1.8,8.6,18.4,10.8
2001.0,Washington,1.6,8.1,14.7,13.4
2001.0,West Virginia,2.3,13.3,17.5,16.2
2001.0,Wisconsin,1.3,7.3,14.4,14.7
2001.0,Wyoming,1.6,5.5,10.2,14.2
2001.0,Guam,3.2,15.9,,
2001.0,Puerto Rico,2.2,16.5,25.6,22.0
2001.0,Virgin Islands of the U.S.,1.4,11.3,21.3,15.4
2002.0,Alabama,2.6,12.7,17.6,20.1
2002.0,Alaska,1.0,5.7,9.4,19.9
2002.0,Arizona,2.0,9.9,16.0,11.4
2002.0,Arkansas,3.0,10.5,17.1,16.0
2002.0,California,2.5,10.5,18.1,22.9
2002.0,Colorado,1.6,6.7,9.8,13.2
2002.0,Connecticut,1.6,7.1,15.5,15.7
2002.0,Delaware,1.4,12.1,16.7,12.7
2002.0,District of Columbia,2.7,11.7,20.8,17.0
2002.0,Florida,2.2,11.3,13.3,15.0
2002.0,Georgia,2.0,11.9,21.3,12.3
2002.0,Hawaii,1.6,7.2,15.7,14.2
2002.0,Idaho,2.4,7.3,16.7,15.9
2002.0,Illinois,1.9,10.8,17.1,13.6
2002.0,Indiana,2.5,10.7,17.8,16.2
2002.0,Iowa,1.9,8.2,14.5,17.4
2002.0,Kansas,1.6,10.2,13.9,14.3
2002.0,Kentucky,3.0,9.8,14.8,13.2
2002.0,Louisiana,2.9,10.5,13.6,16.6
2002.0,Maine,2.2,8.4,20.7,15.2
2002.0,Maryland,2.4,10.6,13.0,16.8
2002.0,Massachusetts,1.9,7.7,12.4,16.3
2002.0,Michigan,2.2,10.6,19.2,22.8
2002.0,Minnesota,1.8,6.6,12.2,11.5
2002.0,Mississippi,2.9,12.9,18.7,18.2
2002.0,Missouri,2.7,9.9,15.9,15.7
2002.0,Montana,2.2,6.9,12.0,11.9
2002.0,Nebraska,1.7,9.0,11.5,12.9
2002.0,Nevada,2.9,8.1,16.1,11.3
2002.0,New Hampshire,1.9,7.5,17.6,17.5
2002.0,New Jersey,1.7,7.7,16.6,15.7
2002.0,New Mexico,1.9,9.8,14.0,11.0
2002.0,New York,2.0,9.3,20.8,17.6
2002.0,North Carolina,1.8,10.2,22.3,16.1
2002.0,North Dakota,2.0,8.2,14.3,13.7
2002.0,Ohio,2.9,9.4,19.5,16.6
2002.0,Oklahoma,2.5,9.1,15.0,14.5
2002.0,Oregon,2.0,9.1,13.7,12.8
2002.0,Pennsylvania,2.7,8.7,20.7,18.3
2002.0,Rhode Island,1.4,6.7,13.8,17.6
2002.0,South Carolina,2.9,12.1,18.6,18.9
2002.0,South Dakota,2.0,8.4,14.1,14.9
2002.0,Tennessee,2.6,14.0,16.2,17.1
2002.0,Texas,1.8,12.4,17.4,16.3
2002.0,Utah,1.6,6.2,12.4,16.7
2002.0,Vermont,2.2,8.1,13.6,10.8
2002.0,Virginia,2.3,8.4,16.9,14.5
2002.0,Washington,1.8,8.7,12.9,15.3
2002.0,West Virginia,2.4,15.1,21.0,20.4
2002.0,Wisconsin,1.8,6.3,12.4,12.0
2002.0,Wyoming,2.2,7.4,10.9,16.2
2002.0,Guam,3.4,15.5,,
2002.0,Puerto Rico,2.4,16.5,29.9,23.2
2002.0,Virgin Islands of the U.S.,2.1,14.2,24.0,25.6
2003.0,Alabama,3.4,12.2,18.4,16.4
2003.0,Alaska,2.2,6.9,15.1,
2003.0,Arizona,1.9,8.2,16.3,15.2
2003.0,Arkansas,2.3,10.8,17.0,12.3
2003.0,California,3.4,9.7,19.3,13.0
2003.0,Colorado,1.6,7.1,12.6,11.1
2003.0,Connecticut,1.9,7.2,15.7,13.1
2003.0,Delaware,2.5,11.1,18.4,13.8
2003.0,District of Columbia,2.7,12.1,23.6,20.1
2003.0,Florida,2.6,12.9,14.3,14.0
2003.0,Georgia,2.8,12.0,21.4,15.4
2003.0,Hawaii,1.9,11.0,20.4,13.3
2003.0,Idaho,2.4,9.1,14.2,12.9
2003.0,Illinois,2.6,10.7,14.9,18.3
2003.0,Indiana,2.1,11.7,19.2,15.8
2003.0,Iowa,1.5,8.3,17.9,15.5
2003.0,Kansas,2.0,7.6,13.9,15.1
2003.0,Kentucky,2.7,12.9,19.7,15.1
2003.0,Louisiana,2.7,13.1,19.8,16.8
2003.0,Maine,1.9,8.6,17.7,20.3
2003.0,Maryland,2.4,8.6,21.7,16.2
2003.0,Massachusetts,1.8,7.5,16.9,14.8
2003.0,Michigan,2.7,11.7,17.3,15.8
2003.0,Minnesota,1.4,8.1,13.6,13.3
2003.0,Mississippi,4.1,16.5,23.2,21.4
2003.0,Missouri,2.0,9.6,15.8,15.6
2003.0,Montana,1.7,7.3,12.5,11.6
2003.0,Nebraska,1.7,8.2,17.2,14.6
2003.0,Nevada,2.3,8.3,12.2,20.4
2003.0,New Hampshire,1.8,6.7,15.6,14.4
2003.0,New Jersey,2.5,9.6,17.3,14.0
2003.0,New Mexico,1.4,7.9,15.3,13.6
2003.0,New York,2.0,11.5,14.5,17.8
2003.0,North Carolina,2.5,11.9,18.1,19.9
2003.0,North Dakota,1.5,6.3,18.6,15.9
2003.0,Ohio,3.2,11.0,22.1,19.7
2003.0,Oklahoma,2.4,10.0,16.3,14.8
2003.0,Oregon,1.4,8.5,18.6,13.3
2003.0,Pennsylvania,1.9,10.8,19.0,17.9
2003.0,Rhode Island,1.8,8.3,19.9,16.4
2003.0,South Carolina,3.1,14.6,18.3,18.4
2003.0,South Dakota,2.0,8.6,17.4,17.7
2003.0,Tennessee,4.5,13.6,17.2,15.5
2003.0,Texas,3.2,13.3,16.2,16.4
2003.0,Utah,1.5,9.0,18.3,15.9
2003.0,Vermont,2.3,6.7,12.2,14.9
2003.0,Virginia,2.2,11.1,15.6,16.2
2003.0,Washington,2.3,9.2,14.8,16.9
2003.0,West Virginia,3.4,12.7,18.5,20.1
2003.0,Wisconsin,1.4,8.2,16.7,13.9
2003.0,Wyoming,1.8,8.1,15.8,10.6
2003.0,Guam,4.3,18.2,32.4,
2003.0,Puerto Rico,2.4,16.5,32.3,23.7
2003.0,Virgin Islands of the U.S.,2.2,15.1,28.9,
2004.0,Hawaii,,,,
2004.0,Guam,,,,
2004.0,Alabama,2.9,10.7,20.1,16.7
2004.0,Alaska,1.2,7.3,10.0,8.7
2004.0,Arizona,2.4,8.4,17.0,15.1
2004.0,Arkansas,2.1,11.0,16.4,10.6
2004.0,California,2.3,10.2,19.5,17.7
2004.0,Colorado,1.4,6.7,10.9,10.8
2004.0,Connecticut,2.0,7.2,15.0,14.4
2004.0,Delaware,3.3,8.0,20.3,12.2
2004.0,District of Columbia,1.4,13.2,29.7,20.7
2004.0,Florida,2.0,11.7,15.7,13.5
2004.0,Georgia,2.6,11.0,20.0,17.7
2004.0,Idaho,1.9,8.4,18.9,12.6
2004.0,Illinois,1.3,9.1,16.4,14.3
2004.0,Indiana,2.6,10.7,19.0,16.4
2004.0,Iowa,1.6,8.4,14.6,15.8
2004.0,Kansas,2.5,8.1,16.7,13.9
2004.0,Kentucky,2.6,10.2,18.9,15.5
2004.0,Louisiana,2.4,12.5,21.4,16.9
2004.0,Maine,3.2,9.8,15.3,12.9
2004.0,Maryland,2.9,8.6,20.2,17.8
2004.0,Massachusetts,1.8,7.5,14.9,11.6
2004.0,Michigan,2.5,11.5,15.6,16.8
2004.0,Minnesota,1.5,6.5,13.6,13.3
2004.0,Mississippi,3.6,13.8,22.0,18.9
2004.0,Missouri,2.3,10.4,18.2,13.1
2004.0,Montana,1.7,8.0,13.9,12.7
2004.0,Nebraska,1.7,8.5,14.8,16.1
2004.0,Nevada,1.5,10.1,14.8,17.3
2004.0,New Hampshire,1.8,8.5,17.3,17.1
2004.0,New Jersey,2.1,8.9,19.5,13.4
2004.0,New Mexico,2.2,8.9,16.2,14.1
2004.0,New York,2.0,11.1,19.0,16.2
2004.0,North Carolina,2.5,12.3,20.4,20.3
2004.0,North Dakota,1.2,7.4,14.9,15.5
2004.0,Ohio,2.9,10.2,21.6,12.9
2004.0,Oklahoma,2.5,11.9,17.6,15.9
2004.0,Oregon,2.5,8.9,15.5,12.5
2004.0,Pennsylvania,2.3,10.3,17.5,16.2
2004.0,Rhode Island,2.6,7.7,18.3,19.2
2004.0,South Carolina,2.5,12.1,22.2,16.1
2004.0,South Dakota,2.0,8.1,16.9,14.8
2004.0,Tennessee,2.9,13.1,17.1,14.7
2004.0,Texas,2.6,11.9,22.3,14.8
2004.0,Utah,2.2,6.5,16.1,15.1
2004.0,Vermont,2.0,6.7,14.1,10.5
2004.0,Virginia,1.9,10.8,18.7,15.6
2004.0,Washington,2.0,8.9,15.6,16.0
2004.0,West Virginia,3.6,14.3,22.8,21.4
2004.0,Wisconsin,1.3,7.8,15.4,13.1
2004.0,Wyoming,2.0,7.0,15.8,15.6
2004.0,Puerto Rico,2.7,17.5,24.1,22.8
2004.0,Virgin Islands of the U.S.,2.0,12.5,25.2,29.1
2005.0,Guam,,,,
2005.0,Alabama,2.9,14.2,23.8,16.6
2005.0,Alaska,1.4,5.7,12.6,
2005.0,Arizona,3.7,8.9,18.7,12.5
2005.0,Arkansas,2.6,12.6,15.2,14.2
2005.0,California,2.3,10.2,20.6,15.3
2005.0,Colorado,1.6,6.1,14.4,14.4
2005.0,Connecticut,2.3,8.8,14.6,12.0
2005.0,Delaware,3.5,11.2,18.5,17.5
2005.0,District of Columbia,1.7,12.5,20.5,13.7
2005.0,Florida,3.2,10.5,18.5,17.8
2005.0,Georgia,3.7,11.5,22.2,18.8
2005.0,Hawaii,2.4,9.9,16.1,15.9
2005.0,Idaho,1.9,9.9,17.7,15.7
2005.0,Illinois,2.3,12.2,20.9,13.8
2005.0,Indiana,2.4,11.3,22.3,17.6
2005.0,Iowa,1.9,8.8,14.8,16.6
2005.0,Kansas,2.2,9.3,17.0,15.5
2005.0,Kentucky,3.1,13.9,16.2,16.5
2005.0,Louisiana,2.7,13.5,23.8,18.5
2005.0,Maine,2.4,9.1,16.8,16.3
2005.0,Maryland,2.2,9.9,19.5,16.0
2005.0,Massachusetts,2.0,9.3,15.3,12.5
2005.0,Michigan,2.6,11.1,20.1,17.7
2005.0,Minnesota,1.6,7.4,14.8,16.1
2005.0,Mississippi,3.8,13.4,26.0,15.8
2005.0,Missouri,2.9,10.6,17.2,15.2
2005.0,Montana,1.8,6.6,12.8,14.0
2005.0,Nebraska,2.4,8.7,18.5,19.0
2005.0,Nevada,2.3,9.8,19.5,15.6
2005.0,New Hampshire,2.2,7.7,19.2,13.6
2005.0,New Jersey,2.1,10.7,19.1,16.7
2005.0,New Mexico,2.5,9.7,17.6,14.9
2005.0,New York,2.6,11.8,19.1,16.0
2005.0,North Carolina,2.3,12.9,20.0,19.3
2005.0,North Dakota,2.3,7.3,16.1,16.7
2005.0,Ohio,2.4,10.7,18.6,14.5
2005.0,Oklahoma,3.2,12.4,20.5,17.2
2005.0,Oregon,2.2,8.9,17.6,13.2
2005.0,Pennsylvania,2.9,9.4,20.0,16.7
2005.0,Rhode Island,2.1,8.1,17.0,13.6
2005.0,South Carolina,3.4,15.3,21.3,22.2
2005.0,South Dakota,1.7,8.0,15.5,16.3
2005.0,Tennessee,2.6,13.9,20.7,17.0
2005.0,Texas,2.1,14.1,20.0,14.7
2005.0,Utah,1.6,8.9,18.2,15.4
2005.0,Vermont,2.1,7.1,15.3,13.1
2005.0,Virginia,2.1,9.0,18.3,18.8
2005.0,Washington,2.0,9.2,15.5,13.8
2005.0,West Virginia,4.2,12.6,21.0,21.3
2005.0,Wisconsin,2.2,8.1,15.9,16.7
2005.0,Wyoming,2.1,7.9,18.9,14.3
2005.0,Puerto Rico,2.9,18.3,31.4,32.5
2005.0,Virgin Islands of the U.S.,2.6,11.2,24.8,27.6
2006.0,Guam,,,,
2006.0,Alabama,3.2,13.3,24.5,20.2
2006.0,Alaska,0.9,8.5,23.8,22.7
2006.0,Arizona,2.8,14.0,17.2,13.1
2006.0,Arkansas,2.9,11.2,18.1,14.9
2006.0,California,1.9,12.4,22.5,21.6
2006.0,Colorado,1.6,7.4,14.9,14.2
2006.0,Connecticut,2.1,8.1,15.6,13.9
2006.0,Delaware,2.7,10.4,21.7,15.2
2006.0,District of Columbia,2.3,13.5,20.9,17.4
2006.0,Florida,2.5,11.7,17.7,14.9
2006.0,Georgia,3.0,13.8,23.8,22.7
2006.0,Hawaii,1.8,12.3,18.4,16.7
2006.0,Idaho,1.9,10.1,15.3,17.5
2006.0,Illinois,2.7,11.3,20.8,17.8
2006.0,Indiana,2.8,10.0,19.9,20.0
2006.0,Iowa,1.7,9.4,16.7,18.2
2006.0,Kansas,2.6,9.1,17.9,16.9
2006.0,Kentucky,3.1,15.4,22.1,16.0
2006.0,Louisiana,2.9,14.2,20.9,17.1
2006.0,Maine,1.9,7.8,17.1,16.9
2006.0,Maryland,2.4,11.0,20.1,18.3
2006.0,Massachusetts,2.1,8.0,15.7,15.2
2006.0,Michigan,2.9,12.6,21.8,17.7
2006.0,Minnesota,1.7,7.8,13.9,14.8
2006.0,Mississippi,4.0,16.2,24.7,18.3
2006.0,Missouri,1.3,11.0,18.2,16.5
2006.0,Montana,1.9,8.1,14.7,13.1
2006.0,Nebraska,2.3,9.7,18.5,16.1
2006.0,Nevada,3.0,9.2,21.2,16.1
2006.0,New Hampshire,2.6,9.1,16.1,20.1
2006.0,New Jersey,1.5,10.4,21.7,16.3
2006.0,New Mexico,2.0,10.5,17.5,15.3
2006.0,New York,1.2,11.7,18.5,19.7
2006.0,North Carolina,3.2,12.4,22.8,19.3
2006.0,North Dakota,1.9,8.4,18.6,13.7
2006.0,Ohio,2.3,8.6,15.4,15.0
2006.0,Oklahoma,3.2,15.0,21.2,18.2
2006.0,Oregon,2.2,7.7,18.8,16.1
2006.0,Pennsylvania,2.2,11.6,18.9,17.7
2006.0,Rhode Island,3.1,8.8,17.7,16.2
2006.0,South Carolina,2.8,14.2,22.5,18.2
2006.0,South Dakota,2.3,8.0,14.2,15.0
2006.0,Tennessee,4.0,14.8,23.1,21.5
2006.0,Texas,2.4,12.8,21.5,17.0
2006.0,Utah,1.5,8.7,21.3,17.9
2006.0,Vermont,1.5,7.4,14.9,14.4
2006.0,Virginia,1.5,10.9,21.1,17.0
2006.0,Washington,2.2,9.9,18.7,15.0
2006.0,West Virginia,4.0,15.8,22.8,24.2
2006.0,Wisconsin,1.6,8.5,15.6,14.5
2006.0,Wyoming,1.8,8.9,15.0,14.0
2006.0,Puerto Rico,3.0,17.1,31.1,29.2
2006.0,Virgin Islands of the U.S.,3.2,13.7,18.1,24.0
2007.0,Alabama,3.9,13.9,23.5,18.0
2007.0,Alaska,2.4,8.6,19.0,11.7
2007.0,Arizona,2.9,12.7,21.5,12.0
2007.0,Arkansas,3.5,13.3,17.6,17.2
2007.0,California,2.0,10.6,22.5,19.4
2007.0,Colorado,1.5,7.4,14.0,16.8
2007.0,Connecticut,2.5,8.5,18.6,16.1
2007.0,Delaware,3.1,11.2,20.8,18.4
2007.0,District of Columbia,2.4,12.5,21.4,18.9
2007.0,Florida,2.4,10.9,18.9,18.1
2007.0,Georgia,4.3,14.6,24.4,23.0
2007.0,Hawaii,1.9,10.3,21.2,14.4
2007.0,Idaho,2.6,10.8,17.7,20.2
2007.0,Illinois,3.0,11.9,22.1,19.3
2007.0,Indiana,1.7,12.4,23.0,17.6
2007.0,Iowa,1.7,8.4,17.0,15.6
2007.0,Kansas,2.0,10.1,16.5,17.5
2007.0,Kentucky,3.1,14.4,22.3,18.4
2007.0,Louisiana,3.2,13.9,26.9,21.8
2007.0,Maine,2.7,9.4,16.8,16.3
2007.0,Maryland,2.1,11.7,22.0,18.8
2007.0,Massachusetts,2.5,9.5,17.9,16.3
2007.0,Michigan,2.8,11.4,22.0,20.4
2007.0,Minnesota,1.5,8.0,12.0,15.5
2007.0,Mississippi,3.9,15.4,25.7,23.8
2007.0,Missouri,2.0,11.9,18.7,15.2
2007.0,Montana,2.1,7.9,16.0,14.2
2007.0,Nebraska,1.9,9.7,17.2,16.3
2007.0,Nevada,2.5,11.0,19.6,20.4
2007.0,New Hampshire,1.6,9.3,17.7,17.9
2007.0,New Jersey,2.8,12.1,22.7,20.1
2007.0,New Mexico,3.2,10.1,18.5,13.8
2007.0,New York,1.8,12.6,18.8,17.6
2007.0,North Carolina,2.7,13.3,21.2,19.9
2007.0,North Dakota,1.6,8.3,15.9,13.7
2007.0,Ohio,3.0,12.9,21.7,18.9
2007.0,Oklahoma,3.5,14.2,22.5,18.4
2007.0,Oregon,1.5,9.6,18.3,15.2
2007.0,Pennsylvania,2.7,10.2,19.9,19.8
2007.0,Rhode Island,1.8,10.0,18.0,15.8
2007.0,South Carolina,3.3,13.3,21.9,18.7
2007.0,South Dakota,2.3,8.0,16.2,14.9
2007.0,Tennessee,5.1,15.4,24.7,24.9
2007.0,Texas,4.6,14.5,25.3,20.6
2007.0,Utah,1.6,9.8,16.7,17.7
2007.0,Vermont,2.7,8.5,15.4,14.4
2007.0,Virginia,2.3,10.9,21.2,19.3
2007.0,Washington,2.3,9.6,17.8,16.1
2007.0,West Virginia,3.5,14.4,22.6,19.5
2007.0,Wisconsin,1.4,8.4,17.6,15.4
2007.0,Wyoming,2.0,8.5,17.8,17.6
2007.0,Guam,2.7,19.2,26.1,
2007.0,Puerto Rico,2.9,20.1,33.0,23.1
2007.0,Virgin Islands of the U.S.,1.7,13.3,25.0,28.8
2008.0,Alabama,4.1,15.8,23.4,19.3
2008.0,Alaska,3.4,8.1,20.8,14.9
2008.0,Arizona,2.3,10.7,19.6,18.0
2008.0,Arkansas,3.3,12.7,20.2,19.2
2008.0,California,3.0,12.3,21.9,18.1
2008.0,Colorado,2.3,8.0,15.3,14.3
2008.0,Connecticut,2.1,8.2,18.0,14.0
2008.0,Delaware,2.7,10.7,19.6,17.6
2008.0,District of Columbia,2.0,11.9,20.3,22.9
2008.0,Florida,2.1,13.5,20.4,18.3
2008.0,Georgia,4.4,13.6,22.1,22.7
2008.0,Hawaii,2.7,10.7,17.3,18.7
2008.0,Idaho,1.4,9.9,19.8,18.4
2008.0,Illinois,2.1,12.8,19.6,18.1
2008.0,Indiana,3.2,13.0,22.9,19.7
2008.0,Iowa,1.7,9.1,16.4,16.9
2008.0,Kansas,2.2,10.9,18.9,19.6
2008.0,Kentucky,3.4,13.1,22.3,21.3
2008.0,Louisiana,3.5,14.9,24.8,21.4
2008.0,Maine,2.6,9.4,19.0,18.9
2008.0,Maryland,2.4,12.4,21.6,18.0
2008.0,Massachusetts,2.2,8.8,18.2,17.2
2008.0,Michigan,3.0,12.6,21.3,17.3
2008.0,Minnesota,1.7,7.5,17.4,13.2
2008.0,Mississippi,4.4,15.2,24.3,22.7
2008.0,Missouri,3.8,12.4,18.0,16.9
2008.0,Montana,1.8,7.4,16.0,15.8
2008.0,Nebraska,2.6,10.1,17.1,17.3
2008.0,Nevada,2.4,12.7,19.4,22.4
2008.0,New Hampshire,2.4,8.6,15.7,19.2
2008.0,New Jersey,2.3,11.3,21.5,17.5
2008.0,New Mexico,2.7,10.8,17.7,16.0
2008.0,New York,2.4,11.4,20.3,18.9
2008.0,North Carolina,3.1,12.9,20.1,22.4
2008.0,North Dakota,2.6,8.7,19.0,17.2
2008.0,Ohio,3.4,12.7,22.0,21.6
2008.0,Oklahoma,3.7,13.1,22.8,19.7
2008.0,Oregon,2.1,9.1,18.1,13.2
2008.0,Pennsylvania,2.4,10.8,21.3,18.7
2008.0,Rhode Island,2.9,8.8,14.5,19.7
2008.0,South Carolina,2.9,15.0,21.5,19.4
2008.0,South Dakota,1.6,8.6,15.4,15.5
2008.0,Tennessee,4.8,13.2,21.9,18.9
2008.0,Texas,3.4,14.6,24.0,21.1
2008.0,Utah,2.1,8.4,22.4,15.4
2008.0,Vermont,1.7,7.6,15.4,16.6
2008.0,Virginia,2.5,11.2,18.2,17.6
2008.0,Washington,2.4,9.1,16.4,16.3
2008.0,West Virginia,4.8,14.7,23.2,22.4
2008.0,Wisconsin,2.6,8.1,16.7,19.6
2008.0,Wyoming,2.6,9.4,17.3,16.0
2008.0,Guam,3.4,14.3,20.6,
2008.0,Puerto Rico,3.0,17.9,32.1,30.0
2008.0,Virgin Islands of the U.S.,3.9,13.7,27.2,23.1
2009.0,Alabama,3.8,17.0,23.6,21.3
2009.0,Alaska,1.8,8.3,19.7,15.9
2009.0,Arizona,2.9,12.4,18.5,15.6
2009.0,Arkansas,3.7,14.0,20.4,18.5
2009.0,California,2.8,14.1,22.0,18.8
2009.0,Colorado,2.0,7.7,14.5,15.3
2009.0,Connecticut,1.4,8.5,15.6,16.7
2009.0,Delaware,2.7,11.0,16.3,16.6
2009.0,District of Columbia,2.1,11.0,20.7,20.4
2009.0,Florida,4.4,12.4,23.0,18.9
2009.0,Georgia,3.0,13.3,26.3,24.3
2009.0,Hawaii,2.8,11.0,19.0,17.5
2009.0,Idaho,2.5,10.8,18.3,19.7
2009.0,Illinois,3.4,10.2,17.6,18.8
2009.0,Indiana,2.0,13.5,24.2,20.1
2009.0,Iowa,2.4,8.8,17.2,18.5
2009.0,Kansas,2.9,10.9,17.9,20.9
2009.0,Kentucky,4.7,15.7,23.7,20.5
2009.0,Louisiana,4.1,13.9,26.8,24.9
2009.0,Maine,2.1,11.0,17.7,16.1
2009.0,Maryland,2.9,12.0,25.7,18.9
2009.0,Massachusetts,2.6,10.0,19.5,17.1
2009.0,Michigan,2.8,12.2,23.5,19.5
2009.0,Minnesota,1.9,8.1,16.6,14.5
2009.0,Mississippi,3.4,16.6,26.5,21.2
2009.0,Missouri,1.8,10.6,19.3,18.5
2009.0,Montana,1.9,8.0,14.5,17.4
2009.0,Nebraska,1.8,9.4,20.0,18.0
2009.0,Nevada,2.7,10.2,16.4,23.9
2009.0,New Hampshire,2.1,8.7,18.2,15.5
2009.0,New Jersey,2.8,10.0,22.3,21.7
2009.0,New Mexico,3.3,11.3,17.8,18.7
2009.0,New York,2.2,12.1,22.0,20.1
2009.0,North Carolina,2.9,13.6,22.6,19.8
2009.0,North Dakota,2.0,9.7,16.5,18.3
2009.0,Ohio,4.1,12.4,22.0,20.1
2009.0,Oklahoma,4.1,14.8,20.9,23.7
2009.0,Oregon,3.9,10.0,17.6,15.3
2009.0,Pennsylvania,2.9,10.9,20.2,19.0
2009.0,Rhode Island,1.4,9.6,15.4,17.5
2009.0,South Carolina,3.4,14.7,20.2,21.2
2009.0,South Dakota,1.8,9.1,18.7,15.7
2009.0,Tennessee,4.9,13.8,19.6,16.5
2009.0,Texas,3.7,13.7,21.4,19.8
2009.0,Utah,1.7,9.4,20.0,17.5
2009.0,Vermont,1.2,7.9,14.9,14.6
2009.0,Virginia,2.4,11.3,19.7,18.6
2009.0,Washington,2.8,10.0,17.6,17.9
2009.0,West Virginia,4.6,15.0,27.0,21.9
2009.0,Wisconsin,1.7,11.0,22.5,17.9
2009.0,Wyoming,2.0,9.9,16.0,13.0
2009.0,Guam,4.7,15.0,26.7,
2009.0,Puerto Rico,3.7,18.3,31.9,31.9
2009.0,Virgin Islands of the U.S.,1.9,11.8,22.9,20.7
2010.0,Alabama,5.3,15.5,25.9,19.2
2010.0,Alaska,1.2,7.7,16.4,20.0
2010.0,Arizona,2.3,11.5,17.4,16.4
2010.0,Arkansas,3.1,13.1,20.8,18.4
2010.0,California,2.5,12.7,22.0,18.8
2010.0,Colorado,2.0,8.1,15.2,14.9
2010.0,Connecticut,2.5,8.9,14.6,17.7
2010.0,Delaware,2.3,11.1,21.2,18.9
2010.0,District of Columbia,3.3,8.8,21.0,22.1
2010.0,Florida,3.6,11.6,19.1,19.3
2010.0,Georgia,3.9,13.7,23.2,18.8
2010.0,Hawaii,2.8,10.3,18.1,17.8
2010.0,Idaho,2.8,10.6,17.3,18.7
2010.0,Illinois,3.1,11.5,22.3,17.1
2010.0,Indiana,3.3,13.2,21.3,20.7
2010.0,Iowa,1.9,10.2,15.8,16.3
2010.0,Kansas,2.7,11.3,19.0,17.9
2010.0,Kentucky,3.1,14.2,22.2,18.0
2010.0,Louisiana,2.6,14.5,25.1,23.1
2010.0,Maine,2.7,10.7,16.7,18.5
2010.0,Maryland,3.1,12.1,21.9,20.6
2010.0,Massachusetts,2.5,9.0,18.9,16.3
2010.0,Michigan,3.9,13.0,21.5,20.8
2010.0,Minnesota,2.0,7.7,17.8,17.5
2010.0,Mississippi,4.2,17.9,26.9,21.6
2010.0,Missouri,3.1,12.9,20.7,16.7
2010.0,Montana,2.1,8.6,15.0,15.8
2010.0,Nebraska,2.2,9.6,18.9,17.2
2010.0,Nevada,4.5,10.2,16.0,18.7
2010.0,New Hampshire,2.9,8.7,18.3,19.5
2010.0,New Jersey,2.1,12.3,21.6,21.5
2010.0,New Mexico,2.6,11.0,20.6,18.3
2010.0,New York,2.5,12.5,20.2,18.7
2010.0,North Carolina,2.8,14.0,23.2,20.0
2010.0,North Dakota,2.1,9.8,16.8,16.6
2010.0,Ohio,3.5,12.5,23.6,20.6
2010.0,Oklahoma,3.4,14.3,23.8,19.9
2010.0,Oregon,1.8,8.9,17.8,16.4
2010.0,Pennsylvania,3.3,12.3,22.6,21.7
2010.0,Rhode Island,2.4,9.7,18.0,18.8
2010.0,South Carolina,4.5,13.4,23.8,18.7
2010.0,South Dakota,1.9,8.6,14.0,17.4
2010.0,Tennessee,4.2,15.2,24.9,19.6
2010.0,Texas,3.5,14.0,23.3,22.6
2010.0,Utah,2.0,9.7,18.1,20.8
2010.0,Vermont,1.7,8.1,16.2,16.7
2010.0,Virginia,2.3,11.5,23.0,19.7
2010.0,Washington,2.7,9.8,18.7,16.2
2010.0,West Virginia,3.9,15.7,23.1,19.2
2010.0,Wisconsin,2.0,8.9,17.8,16.3
2010.0,Wyoming,2.1,9.0,19.0,15.4
2010.0,Guam,3.9,20.3,34.3,
2010.0,Puerto Rico,3.7,18.9,30.4,29.8
2010.0,Virgin Islands of the U.S.,3.1,11.4,26.6,26.8
2011.0,Virgin Islands of the U.S.,,,,
2011.0,Alabama,4.0,16.2,24.2,21.3
2011.0,Alaska,3.5,10.5,18.7,23.1
2011.0,Arizona,3.1,13.2,23.0,16.4
2011.0,Arkansas,4.0,15.5,23.8,18.0
2011.0,California,2.3,12.4,21.7,19.3
2011.0,Colorado,2.3,8.4,18.0,15.9
2011.0,Connecticut,2.6,11.1,23.9,19.8
2011.0,Delaware,2.9,12.2,20.3,22.9
2011.0,District of Columbia,2.9,13.7,20.5,25.2
2011.0,Florida,2.5,13.1,25.1,18.1
2011.0,Georgia,3.1,14.1,27.9,23.1
2011.0,Hawaii,3.0,10.4,19.2,17.9
2011.0,Idaho,3.1,12.7,21.1,20.2
2011.0,Illinois,3.6,12.3,22.2,22.2
2011.0,Indiana,3.4,14.0,23.3,18.9
2011.0,Iowa,1.4,11.3,18.1,18.3
2011.0,Kansas,2.9,13.1,20.3,20.4
2011.0,Kentucky,3.3,15.3,23.6,19.7
2011.0,Louisiana,5.2,15.3,24.2,24.2
2011.0,Maine,2.9,11.8,18.5,19.9
2011.0,Maryland,2.9,12.1,21.6,22.7
2011.0,Massachusetts,2.6,9.8,18.2,18.9
2011.0,Michigan,3.2,12.8,21.5,21.1
2011.0,Minnesota,2.8,9.0,16.1,15.5
2011.0,Mississippi,3.4,19.0,25.4,23.1
2011.0,Missouri,2.8,13.8,21.9,22.4
2011.0,Montana,1.9,9.3,19.9,17.7
2011.0,Nebraska,2.1,11.5,20.1,17.6
2011.0,Nevada,3.6,14.7,24.4,19.0
2011.0,New Hampshire,2.3,11.0,18.5,20.6
2011.0,New Jersey,2.5,11.0,21.7,19.0
2011.0,New Mexico,3.2,13.9,21.3,19.6
2011.0,New York,3.0,14.0,24.3,21.6
2011.0,North Carolina,3.1,15.3,23.8,22.5
2011.0,North Dakota,1.6,11.7,21.1,17.3
2011.0,Ohio,2.9,13.4,21.5,20.0
2011.0,Oklahoma,4.3,15.0,22.3,21.5
2011.0,Oregon,2.4,13.0,20.1,17.8
2011.0,Pennsylvania,2.4,11.3,24.7,18.6
2011.0,Rhode Island,2.7,10.5,20.3,16.8
2011.0,South Carolina,4.8,15.2,26.8,21.3
2011.0,South Dakota,3.3,11.2,21.7,20.0
2011.0,Tennessee,3.0,13.9,27.8,25.7
2011.0,Texas,3.2,16.4,22.7,20.1
2011.0,Utah,2.1,10.3,18.1,19.5
2011.0,Vermont,2.1,9.8,16.8,15.5
2011.0,Virginia,3.2,14.8,23.9,20.0
2011.0,Washington,2.9,12.3,19.1,19.3
2011.0,West Virginia,3.6,17.2,22.1,19.7
2011.0,Wisconsin,2.0,11.4,18.6,18.6
2011.0,Wyoming,2.6,11.1,19.4,16.3
2011.0,Guam,3.3,16.7,29.9,23.2
2011.0,Puerto Rico,3.5,19.3,34.5,31.4
2012.0,Virgin Islands of the U.S.,,,,
2012.0,Alabama,3.5,16.9,25.2,24.1
2012.0,Alaska,2.7,9.1,18.1,17.9
2012.0,Arizona,4.8,15.2,17.8,17.9
2012.0,Arkansas,4.0,15.5,21.6,19.2
2012.0,California,3.6,13.9,20.9,20.1
2012.0,Colorado,2.6,9.9,17.0,16.3
2012.0,Connecticut,3.0,11.4,20.7,16.3
2012.0,Delaware,3.0,12.5,18.9,21.1
2012.0,District of Columbia,2.1,14.2,17.6,25.2
2012.0,Florida,3.3,15.0,20.3,22.3
2012.0,Georgia,2.7,13.7,27.0,21.3
2012.0,Hawaii,2.3,10.9,14.1,15.5
2012.0,Idaho,2.3,11.1,19.8,18.9
2012.0,Illinois,3.0,12.4,21.8,19.6
2012.0,Indiana,3.2,15.0,23.7,21.6
2012.0,Iowa,3.1,11.9,21.5,18.7
2012.0,Kansas,3.1,12.2,20.8,19.9
2012.0,Kentucky,3.2,14.5,21.6,21.9
2012.0,Louisiana,3.9,17.6,26.6,21.9
2012.0,Maine,3.0,10.9,19.4,20.4
2012.0,Maryland,2.4,14.0,23.9,22.2
2012.0,Massachusetts,2.8,10.0,19.9,17.9
2012.0,Michigan,3.3,13.4,23.6,18.7
2012.0,Minnesota,2.3,8.8,16.6,18.3
2012.0,Mississippi,4.6,16.9,27.4,21.7
2012.0,Missouri,2.7,14.4,23.2,22.3
2012.0,Montana,1.4,9.5,14.1,16.9
2012.0,Nebraska,2.5,10.8,17.8,16.1
2012.0,Nevada,3.0,11.8,20.2,19.0
2012.0,New Hampshire,1.4,11.5,23.0,19.0
2012.0,New Jersey,2.5,11.1,22.1,22.4
2012.0,New Mexico,3.2,14.7,19.1,20.1
2012.0,New York,2.7,12.0,22.7,24.3
2012.0,North Carolina,3.4,14.0,23.3,20.1
2012.0,North Dakota,2.0,10.4,20.9,22.0
2012.0,Ohio,3.8,14.9,24.3,22.3
2012.0,Oklahoma,3.6,15.7,24.1,22.8
2012.0,Oregon,3.5,13.6,19.6,17.5
2012.0,Pennsylvania,2.6,12.8,22.0,20.9
2012.0,Rhode Island,3.4,12.6,21.8,16.2
2012.0,South Carolina,3.5,15.7,23.9,22.6
2012.0,South Dakota,2.5,9.5,20.0,13.8
2012.0,Tennessee,3.6,16.5,25.4,22.0
2012.0,Texas,3.5,15.2,26.3,22.8
2012.0,Utah,2.5,10.7,19.2,19.8
2012.0,Vermont,2.4,7.6,15.5,18.4
2012.0,Virginia,2.9,14.7,25.5,20.0
2012.0,Washington,2.8,11.3,20.0,19.5
2012.0,West Virginia,3.6,16.7,26.4,22.9
2012.0,Wisconsin,2.4,10.4,17.5,19.3
2012.0,Wyoming,3.1,12.1,17.8,19.3
2012.0,Guam,4.4,14.9,28.2,
2012.0,Puerto Rico,3.6,24.6,35.0,35.0
2013.0,Virgin Islands of the U.S.,,,,
2013.0,Alabama,5.0,18.3,26.4,26.6
2013.0,Alaska,1.8,10.2,18.2,20.5
2013.0,Arizona,2.7,16.2,21.8,18.8
2013.0,Arkansas,4.2,16.0,21.4,19.4
2013.0,California,2.9,15.0,21.8,23.2
2013.0,Colorado,2.0,7.9,17.6,15.7
2013.0,Connecticut,2.3,9.5,19.9,18.7
2013.0,Delaware,3.5,14.3,22.8,21.1
2013.0,District of Columbia,2.0,13.3,17.7,22.4
2013.0,Florida,2.6,13.4,23.5,23.3
2013.0,Georgia,3.5,15.8,23.8,21.8
2013.0,Hawaii,2.5,10.5,20.3,15.2
2013.0,Idaho,2.8,10.6,19.7,17.6
2013.0,Illinois,2.5,12.5,24.7,24.2
2013.0,Indiana,2.7,15.0,26.0,22.0
2013.0,Iowa,2.5,10.7,24.4,19.2
2013.0,Kansas,2.8,12.9,20.7,19.5
2013.0,Kentucky,3.5,13.1,24.2,21.7
2013.0,Louisiana,3.4,16.1,28.2,21.0
2013.0,Maine,2.8,11.1,18.5,20.6
2013.0,Maryland,3.2,12.1,22.4,23.1
2013.0,Massachusetts,2.4,11.0,18.3,18.9
2013.0,Michigan,3.1,13.0,21.6,22.4
2013.0,Minnesota,1.8,9.1,16.6,20.5
2013.0,Mississippi,4.8,17.2,26.0,24.6
2013.0,Missouri,3.3,12.4,19.5,18.4
2013.0,Montana,2.3,8.9,17.0,16.2
2013.0,Nebraska,2.6,11.8,20.8,20.4
2013.0,Nevada,2.9,13.7,19.4,20.5
2013.0,New Hampshire,2.6,10.8,19.0,21.8
2013.0,New Jersey,2.1,11.6,22.5,19.9
2013.0,New Mexico,3.3,14.8,23.0,18.9
2013.0,New York,2.6,15.2,24.4,19.2
2013.0,North Carolina,3.3,15.2,23.9,25.6
2013.0,North Dakota,2.2,12.2,21.3,17.6
2013.0,Ohio,2.8,12.1,24.6,23.4
2013.0,Oklahoma,3.5,15.2,23.0,21.6
2013.0,Oregon,2.5,13.0,16.3,20.0
2013.0,Pennsylvania,2.4,13.0,22.5,19.1
2013.0,Rhode Island,2.7,12.0,19.9,18.8
2013.0,South Carolina,3.4,16.3,27.1,27.0
2013.0,South Dakota,2.7,11.2,21.1,18.5
2013.0,Tennessee,4.1,17.3,23.5,20.7
2013.0,Texas,3.6,15.9,24.6,25.4
2013.0,Utah,1.9,10.8,21.6,19.7
2013.0,Vermont,1.9,9.0,19.2,15.3
2013.0,Virginia,3.0,13.6,22.5,18.5
2013.0,Washington,2.5,10.5,21.5,20.4
2013.0,West Virginia,3.8,16.5,27.0,22.4
2013.0,Wisconsin,1.9,9.9,20.3,19.5
2013.0,Wyoming,3.4,9.8,20.8,17.9
2013.0,Guam,5.4,23.9,29.2,
2013.0,Puerto Rico,4.2,18.3,37.2,33.3
2014.0,Virgin Islands of the U.S.,,,,
2014.0,Alabama,4.8,17.8,24.3,21.0
2014.0,Alaska,1.8,10.3,21.3,21.0
2014.0,Arizona,2.8,14.0,21.8,18.7
2014.0,Arkansas,3.9,17.9,24.7,22.8
2014.0,California,2.9,15.4,21.5,22.5
2014.0,Colorado,2.2,9.9,16.3,17.0
2014.0,Connecticut,2.1,11.5,20.9,20.0
2014.0,Delaware,3.5,13.3,25.8,20.5
2014.0,District of Columbia,1.8,14.9,19.8,24.5
2014.0,Florida,2.9,13.9,22.7,20.9
2014.0,Georgia,2.8,17.3,26.7,24.6
2014.0,Hawaii,3.7,12.8,18.4,18.4
2014.0,Idaho,2.0,10.0,16.9,18.4
2014.0,Illinois,2.4,13.6,23.5,23.8
2014.0,Indiana,3.1,14.3,22.3,23.0
2014.0,Iowa,2.6,11.6,22.1,19.0
2014.0,Kansas,3.0,13.8,22.3,21.8
2014.0,Kentucky,4.5,16.2,25.6,22.9
2014.0,Louisiana,3.0,15.3,27.1,23.0
2014.0,Maine,2.3,11.6,19.3,17.2
2014.0,Maryland,2.5,13.2,24.4,21.1
2014.0,Massachusetts,3.4,11.7,22.4,19.0
2014.0,Michigan,2.0,13.1,25.1,21.8
2014.0,Minnesota,2.4,9.2,18.3,22.7
2014.0,Mississippi,3.9,17.9,27.7,25.2
2014.0,Missouri,3.7,13.8,23.6,22.4
2014.0,Montana,2.5,11.1,16.6,18.5
2014.0,Nebraska,2.6,12.7,20.0,17.4
2014.0,Nevada,2.4,11.9,24.4,22.8
2014.0,New Hampshire,2.3,11.2,19.5,19.5
2014.0,New Jersey,2.6,10.9,24.2,22.7
2014.0,New Mexico,3.4,15.3,24.8,22.9
2014.0,New York,2.7,13.1,21.8,23.8
2014.0,North Carolina,3.2,15.1,22.0,20.8
2014.0,North Dakota,2.6,11.3,20.4,17.4
2014.0,Ohio,3.0,15.5,25.1,22.7
2014.0,Oklahoma,2.7,18.1,25.4,22.3
2014.0,Oregon,2.6,10.4,20.4,21.0
2014.0,Pennsylvania,2.6,14.6,23.5,22.2
2014.0,Rhode Island,2.0,12.2,21.8,20.4
2014.0,South Carolina,3.6,16.1,24.8,22.3
2014.0,South Dakota,3.0,11.4,19.0,19.4
2014.0,Tennessee,4.1,17.9,27.1,21.6
2014.0,Texas,3.2,16.3,27.0,22.5
2014.0,Utah,2.3,10.5,19.3,19.7
2014.0,Vermont,3.1,8.3,15.8,17.7
2014.0,Virginia,2.3,12.6,24.3,22.5
2014.0,Washington,2.5,12.3,18.9,18.2
2014.0,West Virginia,4.2,18.0,28.3,23.5
2014.0,Wisconsin,2.3,11.0,19.3,21.2
2014.0,Wyoming,3.1,10.3,17.7,18.2
2014.0,Guam,4.4,17.9,25.9,22.2
2014.0,Puerto Rico,3.5,20.4,35.7,38.0
2015.0,Virgin Islands of the U.S.,,,,
2015.0,Alabama,4.1,17.8,28.3,25.2
2015.0,Alaska,1.7,11.6,19.8,20.7
2015.0,Arizona,2.7,13.9,20.0,21.5
2015.0,Arkansas,2.9,19.1,23.9,22.8
2015.0,California,2.8,13.7,24.0,23.0
2015.0,Colorado,2.0,8.5,17.3,15.8
2015.0,Connecticut,2.6,11.4,20.0,18.7
2015.0,Delaware,2.2,16.8,22.7,20.3
2015.0,District of Columbia,2.2,14.9,19.2,23.3
2015.0,Florida,2.3,14.1,22.6,23.4
2015.0,Georgia,2.2,17.2,25.2,26.1
2015.0,Hawaii,2.9,11.6,15.4,17.1
2015.0,Idaho,2.0,10.1,20.1,18.3
2015.0,Illinois,2.5,12.2,28.1,19.9
2015.0,Indiana,4.2,15.9,22.7,18.3
2015.0,Iowa,1.8,11.7,20.7,17.0
2015.0,Kansas,2.7,12.4,23.5,19.5
2015.0,Kentucky,4.4,18.3,27.5,22.0
2015.0,Louisiana,3.7,16.3,29.8,28.1
2015.0,Maine,3.0,10.7,19.4,20.3
2015.0,Maryland,2.6,13.8,22.0,23.5
2015.0,Massachusetts,2.2,11.1,18.5,22.8
2015.0,Michigan,3.6,12.9,22.8,21.2
2015.0,Minnesota,2.1,9.1,17.0,18.4
2015.0,Mississippi,5.4,19.4,32.0,25.2
2015.0,Missouri,3.5,14.9,23.5,22.4
2015.0,Montana,2.1,9.8,17.1,14.5
2015.0,Nebraska,2.3,11.3,19.7,20.2
2015.0,Nevada,3.3,11.8,21.2,23.2
2015.0,New Hampshire,1.5,9.4,20.1,17.0
2015.0,New Jersey,1.7,10.6,23.6,20.9
2015.0,New Mexico,4.0,15.1,22.3,22.6
2015.0,New York,2.6,13.2,22.5,19.3
2015.0,North Carolina,2.4,14.3,24.0,22.8
2015.0,North Dakota,2.1,11.4,21.2,20.9
2015.0,Ohio,2.0,15.1,23.7,22.8
2015.0,Oklahoma,3.0,17.5,24.3,20.5
2015.0,Oregon,3.2,13.9,21.2,22.0
2015.0,Pennsylvania,2.1,12.3,25.3,21.1
2015.0,Rhode Island,1.9,11.7,20.4,19.3
2015.0,South Carolina,3.2,14.8,25.4,25.6
2015.0,South Dakota,2.9,11.6,17.6,21.8
2015.0,Tennessee,4.4,17.1,23.5,23.5
2015.0,Texas,3.1,17.8,25.9,23.3
2015.0,Utah,1.8,10.1,21.1,20.7
2015.0,Vermont,2.5,9.4,16.2,18.7
2015.0,Virginia,3.1,12.8,25.0,23.6
2015.0,Washington,2.2,10.7,20.1,18.7
2015.0,West Virginia,4.9,18.4,25.0,26.7
2015.0,Wisconsin,2.4,10.3,18.8,17.2
2015.0,Wyoming,1.6,11.5,20.1,18.3
2015.0,Guam,3.6,19.6,30.7,
2015.0,Puerto Rico,3.6,22.1,36.1,37.3
2016.0,Alabama,5.3,19.8,26.5,25.9
2016.0,Alaska,2.7,8.5,21.9,21.9
2016.0,Arizona,2.7,16.0,21.5,19.7
2016.0,Arkansas,4.5,18.3,26.5,23.0
2016.0,California,2.5,14.0,22.8,26.1
2016.0,Colorado,1.5,9.2,16.0,15.3
2016.0,Connecticut,2.3,12.2,21.9,20.0
2016.0,Delaware,2.3,13.6,23.3,21.1
2016.0,District of Columbia,1.6,13.8,20.9,18.9
2016.0,Florida,3.4,13.4,24.2,22.5
2016.0,Georgia,3.1,17.1,26.7,27.9
2016.0,Hawaii,3.4,14.4,19.5,20.5
2016.0,Idaho,2.0,11.3,21.2,21.5
2016.0,Illinois,2.6,14.3,20.4,25.5
2016.0,Indiana,3.4,15.4,24.9,22.2
2016.0,Iowa,2.1,11.2,22.4,20.0
2016.0,Kansas,2.2,12.2,22.3,21.1
2016.0,Kentucky,4.8,16.4,27.0,23.3
2016.0,Louisiana,2.3,17.0,28.2,28.4
2016.0,Maine,2.1,12.9,19.8,21.4
2016.0,Maryland,3.2,13.6,24.8,22.0
2016.0,Massachusetts,2.4,11.3,21.9,20.2
2016.0,Michigan,3.1,14.5,22.9,21.1
2016.0,Minnesota,2.1,10.6,19.2,19.4
2016.0,Mississippi,4.5,18.5,27.7,24.7
2016.0,Missouri,3.6,14.1,25.1,23.6
2016.0,Montana,1.6,10.5,16.5,17.4
2016.0,Nebraska,2.5,11.5,19.2,19.0
2016.0,Nevada,3.1,14.3,24.2,25.3
2016.0,New Hampshire,2.4,10.0,18.8,21.8
2016.0,New Jersey,2.0,11.3,23.3,19.1
2016.0,New Mexico,3.6,15.5,25.3,19.2
2016.0,New York,2.5,13.8,23.7,22.7
2016.0,North Carolina,2.8,15.6,24.1,21.4
2016.0,North Dakota,2.9,11.4,19.2,18.3
2016.0,Ohio,2.7,14.6,24.0,21.2
2016.0,Oklahoma,3.5,17.2,24.4,21.3
2016.0,Oregon,3.0,11.6,20.9,18.1
2016.0,Pennsylvania,2.8,13.4,26.7,21.3
2016.0,Rhode Island,2.3,13.7,20.4,18.1
2016.0,South Carolina,3.6,17.1,26.0,26.4
2016.0,South Dakota,1.1,11.2,18.2,16.0
2016.0,Tennessee,3.0,18.7,26.5,20.3
2016.0,Texas,2.8,17.0,27.3,23.2
2016.0,Utah,1.9,10.6,21.2,19.5
2016.0,Vermont,3.1,8.7,16.7,19.2
2016.0,Virginia,2.6,13.7,24.2,24.0
2016.0,Washington,2.6,12.7,19.3,21.1
2016.0,West Virginia,4.5,19.7,28.5,23.1
2016.0,Wisconsin,2.5,12.6,20.1,20.6
2016.0,Wyoming,2.2,10.8,17.3,20.6
2016.0,Guam,4.0,14.7,32.6,
2016.0,Puerto Rico,3.5,20.3,34.4,33.5
2016.0,Virgin Islands of the U.S.,,14.8,24.7,38.8
2017.0,Virgin Islands of the U.S.,,,,
2017.0,Alabama,4.2,19.3,28.2,24.6
2017.0,Alaska,2.5,10.1,17.3,21.3
2017.0,Arizona,2.9,15.0,20.5,18.7
2017.0,Arkansas,3.7,16.5,26.2,19.6
2017.0,California,2.5,14.8,24.0,23.9
2017.0,Colorado,2.1,10.2,15.6,18.0
2017.0,Connecticut,2.6,12.1,20.2,20.6
2017.0,Delaware,2.7,13.9,23.7,23.0
2017.0,District of Columbia,2.1,12.4,15.5,24.6
2017.0,Florida,2.0,13.3,20.5,21.3
2017.0,Georgia,3.1,16.0,24.4,24.6
2017.0,Hawaii,3.4,14.6,19.8,23.2
2017.0,Idaho,2.2,11.6,17.3,21.6
2017.0,Illinois,3.8,14.7,22.0,20.9
2017.0,Indiana,3.2,16.0,25.0,23.4
2017.0,Iowa,2.2,12.0,19.7,22.5
2017.0,Kansas,2.9,14.1,22.1,22.5
2017.0,Kentucky,3.1,17.1,27.4,25.9
2017.0,Louisiana,4.7,19.0,27.4,23.7
2017.0,Maine,2.9,13.1,19.0,19.5
2017.0,Maryland,3.2,13.6,21.4,21.8
2017.0,Massachusetts,2.1,12.8,20.4,19.8
2017.0,Michigan,2.2,14.3,22.7,25.3
2017.0,Minnesota,2.2,9.4,17.5,17.1
2017.0,Mississippi,4.2,19.9,28.3,26.5
2017.0,Missouri,2.3,14.2,23.1,19.5
2017.0,Montana,1.9,10.4,14.8,16.1
2017.0,Nebraska,3.1,13.4,21.9,19.9
2017.0,Nevada,2.0,15.4,21.1,22.9
2017.0,New Hampshire,2.3,9.0,19.4,17.8
2017.0,New Jersey,3.4,13.8,23.4,22.0
2017.0,New Mexico,3.9,13.9,19.1,21.7
2017.0,New York,2.5,13.7,23.1,23.8
2017.0,North Carolina,3.7,14.7,21.6,24.5
2017.0,North Dakota,2.6,12.3,20.9,19.1
2017.0,Ohio,3.3,14.2,23.9,21.5
2017.0,Oklahoma,4.1,18.0,25.3,23.1
2017.0,Oregon,2.3,12.9,20.2,18.0
2017.0,Pennsylvania,2.5,13.4,22.4,20.3
2017.0,Rhode Island,2.5,11.3,19.6,17.1
2017.0,South Carolina,4.2,17.8,26.5,23.5
2017.0,South Dakota,4.5,11.1,22.9,27.0
2017.0,Tennessee,3.8,17.3,26.0,26.2
2017.0,Texas,3.1,17.5,25.9,30.5
2017.0,Utah,1.7,10.4,21.1,19.9
2017.0,Vermont,1.8,9.4,16.7,19.4
2017.0,Virginia,2.9,15.1,21.6,19.7
2017.0,Washington,3.1,12.4,18.5,17.1
2017.0,West Virginia,4.1,20.6,27.4,25.1
2017.0,Wisconsin,3.5,10.4,20.2,16.3
2017.0,Wyoming,2.3,12.8,19.3,16.4
2017.0,Guam,4.7,23.3,33.3,
2017.0,Puerto Rico,3.4,23.1,39.2,33.7
2018.0,Virgin Islands of the U.S.,,,,
2018.0,Alabama,3.8,19.2,29.5,28.6
2018.0,Alaska,3.5,12.8,17.3,18.3
2018.0,Arizona,3.5,13.6,22.9,19.3
2018.0,Arkansas,4.8,18.7,28.6,20.9
2018.0,California,2.6,14.4,24.9,22.3
2018.0,Colorado,2.1,9.1,16.3,16.2
2018.0,Connecticut,2.5,12.0,18.9,21.7
2018.0,Delaware,2.6,16.8,22.5,21.0
2018.0,District of Columbia,2.1,15.3,19.9,21.3
2018.0,Florida,4.0,14.8,25.4,20.9
2018.0,Georgia,3.2,16.8,29.9,27.8
2018.0,Hawaii,3.8,15.7,21.3,20.3
2018.0,Idaho,3.0,12.8,21.9,21.7
2018.0,Illinois,2.5,13.4,23.8,19.1
2018.0,Indiana,3.8,16.2,27.3,23.6
2018.0,Iowa,3.1,11.7,21.1,21.6
2018.0,Kansas,3.7,14.4,26.3,22.3
2018.0,Kentucky,3.7,18.1,27.9,27.1
2018.0,Louisiana,3.5,21.5,26.8,27.5
2018.0,Maine,3.2,11.8,18.8,22.0
2018.0,Maryland,3.4,16.6,23.0,24.1
2018.0,Massachusetts,2.8,9.9,19.0,19.0
2018.0,Michigan,3.1,15.1,22.1,24.9
2018.0,Minnesota,2.4,11.2,19.2,19.7
2018.0,Mississippi,4.8,17.1,32.8,28.7
2018.0,Missouri,3.6,14.6,23.9,21.9
2018.0,Montana,2.7,11.5,16.4,21.2
2018.0,Nebraska,2.9,12.7,18.6,22.4
2018.0,Nevada,2.3,13.7,24.3,26.3
2018.0,New Hampshire,2.3,13.8,18.2,20.8
2018.0,New Jersey,3.3,11.2,27.4,23.1
2018.0,New Mexico,4.3,16.4,23.3,24.1
2018.0,New York,2.9,13.9,24.9,23.1
2018.0,North Carolina,2.9,17.0,27.5,23.1
2018.0,North Dakota,2.6,11.9,22.8,21.7
2018.0,Ohio,3.6,15.2,24.6,25.0
2018.0,Oklahoma,3.6,17.0,25.5,25.7
2018.0,Oregon,5.0,13.7,18.2,19.7
2018.0,Pennsylvania,4.2,13.4,21.0,21.8
2018.0,Rhode Island,2.4,14.7,22.9,21.3
2018.0,South Carolina,3.9,17.4,26.1,24.6
2018.0,South Dakota,3.2,10.0,21.7,19.1
2018.0,Tennessee,3.9,18.0,28.7,27.0
2018.0,Texas,2.8,18.7,31.9,25.7
2018.0,Utah,2.3,13.2,21.8,19.5
2018.0,Vermont,2.1,11.5,18.3,17.6
2018.0,Virginia,2.9,13.4,23.6,22.9
2018.0,Washington,2.6,13.8,20.2,20.8
2018.0,West Virginia,4.0,22.5,29.6,24.4
2018.0,Wisconsin,1.6,10.9,18.3,20.6
2018.0,Wyoming,2.6,12.0,17.3,16.9
2018.0,Guam,4.9,23.7,31.2,35.7
2018.0,Puerto Rico,3.0,18.8,37.3,31.7
2019.0,New Jersey,,,,
2019.0,Virgin Islands of the U.S.,,,,
2019.0,Alabama,3.3,20.1,26.4,25.0
2019.0,Alaska,2.0,10.8,15.7,17.8
2019.0,Arizona,3.2,15.1,19.8,21.8
2019.0,Arkansas,3.9,19.0,25.7,24.7
2019.0,California,2.6,13.9,23.6,21.7
2019.0,Colorado,2.2,9.2,15.1,16.2
2019.0,Connecticut,2.7,11.9,18.6,19.5
2019.0,Delaware,3.8,15.5,25.0,24.5
2019.0,District of Columbia,2.0,15.1,23.3,22.1
2019.0,Florida,2.3,14.0,22.5,24.8
2019.0,Georgia,4.0,16.2,23.4,26.3
2019.0,Hawaii,3.4,13.9,20.7,17.7
2019.0,Idaho,3.1,12.5,20.9,24.9
2019.0,Illinois,2.4,15.4,27.2,20.3
2019.0,Indiana,3.8,15.7,26.3,25.1
2019.0,Iowa,2.9,13.4,20.1,20.9
2019.0,Kansas,3.1,14.1,21.9,23.9
2019.0,Kentucky,3.2,18.7,26.1,25.3
2019.0,Louisiana,2.8,17.5,28.3,25.5
2019.0,Maine,3.3,12.3,19.7,17.8
2019.0,Maryland,2.8,14.7,22.3,23.4
2019.0,Massachusetts,2.2,10.2,18.1,19.0
2019.0,Michigan,2.7,13.8,23.7,22.2
2019.0,Minnesota,2.6,10.4,19.3,20.3
2019.0,Mississippi,3.8,20.5,30.8,29.1
2019.0,Missouri,2.6,13.1,21.5,22.1
2019.0,Montana,1.4,10.3,14.9,14.9
2019.0,Nebraska,2.6,13.8,21.7,20.7
2019.0,Nevada,4.1,13.7,21.9,21.3
2019.0,New Hampshire,3.7,10.2,16.9,18.1
2019.0,New Mexico,4.3,15.9,22.2,23.9
2019.0,New York,2.7,13.8,22.9,21.4
2019.0,North Carolina,3.6,15.2,23.7,24.2
2019.0,North Dakota,1.8,12.8,21.9,18.1
2019.0,Ohio,2.9,15.4,25.4,22.8
2019.0,Oklahoma,2.7,18.1,25.5,23.4
2019.0,Oregon,2.3,11.2,17.5,17.1
2019.0,Pennsylvania,2.9,13.1,21.0,22.7
2019.0,Rhode Island,2.4,13.9,21.0,21.9
2019.0,South Carolina,3.5,17.5,25.5,27.0
2019.0,South Dakota,2.9,13.1,22.4,22.8
2019.0,Tennessee,3.0,19.5,26.3,28.7
2019.0,Texas,3.6,17.8,27.7,25.2
2019.0,Utah,3.0,11.3,19.6,19.8
2019.0,Vermont,2.9,9.9,15.1,19.5
2019.0,Virginia,3.0,14.1,23.5,23.6
2019.0,Washington,2.8,12.5,18.9,20.4
2019.0,West Virginia,4.7,18.8,30.4,26.6
2019.0,Wisconsin,1.9,11.5,18.9,15.6
2019.0,Wyoming,1.8,8.5,18.1,21.1
2019.0,Guam,4.1,19.3,25.2,
2019.0,Puerto Rico,4.0,21.0,33.5,37.5
2020.0,Virgin Islands of the U.S.,,,,
2020.0,Alabama,4.2,20.2,28.8,25.8
2020.0,Alaska,1.7,10.4,19.5,20.4
2020.0,Arizona,3.4,14.4,22.2,20.2
2020.0,Arkansas,3.7,19.3,22.9,24.3
2020.0,California,3.2,14.0,19.1,20.0
2020.0,Colorado,2.1,9.7,16.0,20.4
2020.0,Connecticut,3.3,10.4,19.3,19.5
2020.0,Delaware,3.7,15.2,23.5,23.3
2020.0,District of Columbia,1.2,14.4,19.4,19.9
2020.0,Florida,2.7,13.3,24.6,23.0
2020.0,Georgia,3.1,15.6,23.8,28.2
2020.0,Hawaii,3.2,13.7,19.4,24.2
2020.0,Idaho,3.0,10.5,18.5,18.7
2020.0,Illinois,2.0,14.8,23.3,21.7
2020.0,Indiana,3.4,15.7,24.0,22.7
2020.0,Iowa,2.8,13.9,19.3,19.8
2020.0,Kansas,3.2,14.7,21.6,24.1
2020.0,Kentucky,3.7,17.9,25.5,22.4
2020.0,Louisiana,4.2,17.4,30.7,30.7
2020.0,Maine,2.4,12.7,17.1,20.9
2020.0,Maryland,3.2,12.7,20.5,22.0
2020.0,Massachusetts,2.3,11.2,18.9,17.2
2020.0,Michigan,3.2,16.2,23.5,23.9
2020.0,Minnesota,2.8,10.1,18.4,20.9
2020.0,Mississippi,5.0,19.6,31.3,21.6
2020.0,Missouri,3.1,13.4,23.5,20.2
2020.0,Montana,2.7,11.4,16.1,18.3
2020.0,Nebraska,3.1,12.6,20.4,20.8
2020.0,Nevada,3.6,13.2,29.0,15.7
2020.0,New Hampshire,2.5,10.9,15.8,18.0
2020.0,New Jersey,2.6,12.1,20.1,23.1
2020.0,New Mexico,4.5,15.4,23.8,23.4
2020.0,New York,2.8,13.1,20.9,22.7
2020.0,North Carolina,4.1,15.6,24.1,25.0
2020.0,North Dakota,3.2,14.5,19.7,18.6
2020.0,Ohio,4.6,15.3,23.2,22.4
2020.0,Oklahoma,4.3,18.0,23.2,26.3
2020.0,Oregon,3.7,10.2,18.4,21.8
2020.0,Pennsylvania,3.4,13.4,21.1,24.9
2020.0,Rhode Island,3.1,12.1,20.8,23.6
2020.0,South Carolina,4.1,19.1,22.9,24.0
2020.0,South Dakota,2.6,8.3,16.0,20.3
2020.0,Tennessee,4.7,18.2,26.7,27.4
2020.0,Texas,3.3,18.9,26.8,27.6
2020.0,Utah,1.9,12.7,22.2,21.8
2020.0,Vermont,2.6,9.5,13.3,16.0
2020.0,Virginia,2.4,14.9,24.1,23.5
2020.0,Washington,2.5,11.8,17.1,18.5
2020.0,West Virginia,4.7,19.6,27.3,28.1
2020.0,Wisconsin,2.1,10.7,18.5,20.2
2020.0,Wyoming,2.2,11.0,16.3,20.2
2020.0,Guam,5.8,25.4,22.9,
2020.0,Puerto Rico,2.9,17.6,38.8,36.9
2021.0,Florida,,,,
2021.0,Alabama,5.0,20.8,27.5,24.0
2021.0,Alaska,2.4,12.9,17.3,16.5
2021.0,Arizona,2.9,15.0,21.1,22.0
2021.0,Arkansas,3.3,16.2,25.2,24.3
2021.0,California,3.8,16.0,21.3,26.6
2021.0,Colorado,1.8,9.3,16.4,15.3
2021.0,Connecticut,2.9,14.4,18.9,21.8
2021.0,Delaware,3.1,14.3,20.9,27.4
2021.0,District of Columbia,2.6,12.2,18.0,20.3
2021.0,Georgia,3.9,16.1,25.5,26.3
2021.0,Hawaii,2.5,12.2,18.5,18.6
2021.0,Idaho,3.2,12.6,19.0,19.9
2021.0,Illinois,2.9,15.6,19.1,21.9
2021.0,Indiana,3.3,16.7,24.4,22.5
2021.0,Iowa,3.1,12.5,17.7,20.0
2021.0,Kansas,3.5,15.2,20.2,22.1
2021.0,Kentucky,4.9,19.8,24.3,20.3
2021.0,Louisiana,4.9,18.3,24.9,26.4
2021.0,Maine,2.2,12.2,20.4,18.6
2021.0,Maryland,3.0,14.8,22.3,21.5
2021.0,Massachusetts,2.4,11.2,19.3,17.4
2021.0,Michigan,3.0,14.2,19.8,21.2
2021.0,Minnesota,2.7,10.5,19.8,19.3
2021.0,Mississippi,5.5,19.6,27.7,30.4
2021.0,Missouri,3.0,16.6,20.4,19.2
2021.0,Montana,3.2,10.1,16.8,17.1
2021.0,Nebraska,2.6,13.1,20.3,18.8
2021.0,Nevada,3.1,14.4,24.9,25.3
2021.0,New Hampshire,2.5,10.4,16.5,16.8
2021.0,New Jersey,2.4,12.5,22.8,21.1
2021.0,New Mexico,4.6,19.1,21.0,22.6
2021.0,New York,2.8,16.4,20.7,22.6
2021.0,North Carolina,2.8,16.8,25.0,28.7
2021.0,North Dakota,3.0,12.5,19.9,21.3
2021.0,Ohio,3.7,15.9,25.1,23.4
2021.0,Oklahoma,3.3,18.7,24.7,25.8
2021.0,Oregon,3.1,11.1,16.9,23.9
2021.0,Pennsylvania,3.4,13.2,20.0,23.6
2021.0,Rhode Island,3.5,12.8,21.2,19.4
2021.0,South Carolina,4.6,17.3,25.2,25.3
2021.0,South Dakota,2.6,16.0,16.4,24.8
2021.0,Tennessee,3.3,19.5,27.4,27.4
2021.0,Texas,4.6,14.1,25.1,26.4
2021.0,Utah,2.4,12.2,18.9,19.3
2021.0,Vermont,2.3,10.7,15.9,14.9
2021.0,Virginia,2.8,15.9,23.2,23.0
2021.0,Washington,2.4,11.8,17.6,18.7
2021.0,West Virginia,4.7,19.9,28.2,26.9
2021.0,Wisconsin,2.8,11.8,17.0,17.3
2021.0,Wyoming,2.3,10.8,18.6,18.5
2021.0,Guam,3.3,22.3,22.6,
2021.0,Puerto Rico,3.4,22.1,33.5,36.9
2021.0,Virgin Islands of the U.S.,,,,
,,,,,
