Year,State,Percentage,Lower Limit, Upper Limit
2000,Guam,No Data,No Data,No Data
2000,Virgin Islands of the U.S.,No Data,No Data,No Data
2000,Alabama,9.7,7.2,13
2000,Alaska,Suppressed,Suppressed,Suppressed
2000,Arizona,Suppressed,Suppressed,Suppressed
2000,Arkansas,8.5,5.8,12.3
2000,California,13.3,9.3,18.7
2000,Colorado,Suppressed,Suppressed,Suppressed
2000,Connecticut,11.9,9,15.7
2000,Delaware,17.8,11.3,26.8
2000,District of Columbia,12.1,8.5,16.9
2000,Florida,11.7,9.2,14.9
2000,Georgia,10.9,8.5,14
2000,Hawaii,4.8,3,7.7
2000,Idaho,8,5.7,11.1
2000,Illinois,11,7.9,15
2000,Indiana,10.2,7.3,14.1
2000,Iowa,7.2,4.6,11.3
2000,Kansas,8.9,6.2,12.7
2000,Kentucky,8.4,6.9,10.1
2000,Louisiana,10.4,8.2,13.1
2000,Maine,10.6,6.8,16.2
2000,Maryland,10.2,7.5,13.7
2000,Massachusetts,11.4,9.2,13.9
2000,Michigan,12.1,8.6,16.6
2000,Minnesota,7.8,4.2,13.9
2000,Mississippi,11.9,8.8,15.8
2000,Missouri,8.9,6.3,12.3
2000,Montana,6.6,4,10.9
2000,Nebraska,8.7,5.2,14.1
2000,Nevada,16.5,11.1,23.8
2000,New Hampshire,6.6,3.8,11.4
2000,New Jersey,5.7,4,8.1
2000,New Mexico,11.1,8.4,14.4
2000,New York,8.8,5.5,13.8
2000,North Carolina,10.2,7.9,13.2
2000,North Dakota,11.1,6.1,19.4
2000,Ohio,6.3,4.1,9.7
2000,Oklahoma,9,6.5,12.3
2000,Oregon,8.8,5.9,12.9
2000,Pennsylvania,9,6.4,12.6
2000,Rhode Island,11.5,8.4,15.5
2000,South Carolina,9.3,6.8,12.5
2000,South Dakota,6.5,4.1,10
2000,Tennessee,8.4,6.4,11
2000,Texas,10.2,8.1,12.7
2000,Utah,Suppressed,Suppressed,Suppressed
2000,Vermont,7.9,5.4,11.4
2000,Virginia,10.1,6.9,14.7
2000,Washington,8.4,5,13.7
2000,West Virginia,10.7,8,14.2
2000,Wisconsin,13.1,9.2,18.4
2000,Wyoming,6.9,3.7,12.3
2000,Puerto Rico,12.4,10.5,14.7
2001,Alabama,14.1,10.9,18
2001,Alaska,Suppressed,Suppressed,Suppressed
2001,Arizona,10.5,7.5,14.5
2001,Arkansas,12.3,9.3,16.1
2001,California,8.7,6,12.3
2001,Colorado,14.4,9,22.2
2001,Connecticut,10.7,8.3,13.7
2001,Delaware,12.4,8.6,17.4
2001,District of Columbia,15.9,10.5,23.3
2001,Florida,11.3,8.3,15.1
2001,Georgia,10.6,8.4,13.4
2001,Hawaii,7.1,4.6,10.8
2001,Idaho,6.8,4.6,10.1
2001,Illinois,7.5,5.3,10.6
2001,Indiana,11.2,8.3,14.9
2001,Iowa,8.3,5.7,12
2001,Kansas,11.9,8.3,16.8
2001,Kentucky,9.1,7.5,10.9
2001,Louisiana,10.2,8.1,12.7
2001,Maine,10.8,7,16.3
2001,Maryland,9.8,6.8,14.1
2001,Massachusetts,8.7,6.7,11.2
2001,Michigan,11.8,8.8,15.7
2001,Minnesota,6.8,4.2,10.8
2001,Mississippi,14,11.3,17.3
2001,Missouri,9.4,7,12.6
2001,Montana,4.2,2.8,6.4
2001,Nebraska,10.1,6.8,14.9
2001,Nevada,Suppressed,Suppressed,Suppressed
2001,New Hampshire,7.4,5.1,10.8
2001,New Jersey,10.5,8,13.8
2001,New Mexico,9.3,7.1,12
2001,New York,12.1,9,16.1
2001,North Carolina,8.8,6.7,11.4
2001,North Dakota,Suppressed,Suppressed,Suppressed
2001,Ohio,10.9,7.6,15.2
2001,Oklahoma,10.5,8.1,13.6
2001,Oregon,Suppressed,Suppressed,Suppressed
2001,Pennsylvania,10.5,7.7,14.1
2001,Rhode Island,8.1,5.9,11.2
2001,South Carolina,12.2,9.2,16
2001,South Dakota,9,6,13.3
2001,Tennessee,10.7,7.8,14.5
2001,Texas,12,10,14.4
2001,Utah,Suppressed,Suppressed,Suppressed
2001,Vermont,9.8,7.1,13.4
2001,Virginia,13.2,10.1,17
2001,Washington,8.7,5.3,14.1
2001,West Virginia,13.4,10.7,16.7
2001,Wisconsin,7.9,5.1,11.9
2001,Wyoming,8.4,5.1,13.6
2001,Guam,14.3,8.4,23.1
2001,Puerto Rico,12.9,10.7,15.4
2001,Virgin Islands of the U.S.,9.9,7.6,12.9
2002,Alabama,10.5,7.9,13.8
2002,Alaska,Suppressed,Suppressed,Suppressed
2002,Arizona,6.1,3.4,10.5
2002,Arkansas,12.4,9.5,15.9
2002,California,12.3,9,16.7
2002,Colorado,11.4,7.2,17.5
2002,Connecticut,10.6,7.6,14.6
2002,Delaware,7.8,5.5,10.9
2002,District of Columbia,Suppressed,Suppressed,Suppressed
2002,Florida,11.4,8.4,15.4
2002,Georgia,11.4,9.1,14.3
2002,Hawaii,5.2,3,9
2002,Idaho,9.6,6.1,14.7
2002,Illinois,10.8,8.2,13.9
2002,Indiana,11.2,8.9,14.1
2002,Iowa,10.8,7.3,15.7
2002,Kansas,11.6,8.1,16.3
2002,Kentucky,9.6,7.7,11.9
2002,Louisiana,10.4,8.1,13.2
2002,Maine,8.5,5.7,12.4
2002,Maryland,9.3,6.1,13.9
2002,Massachusetts,8.8,6.2,12.3
2002,Michigan,10.9,8.4,14.1
2002,Minnesota,6.9,4.3,10.9
2002,Mississippi,9,7.3,11
2002,Missouri,8.8,6.5,11.9
2002,Montana,10.4,6.8,15.6
2002,Nebraska,7.4,4.7,11.7
2002,Nevada,10.1,6.3,15.7
2002,New Hampshire,9.8,7.1,13.3
2002,New Jersey,8.2,5.6,12
2002,New Mexico,11,8.6,14
2002,New York,12.5,9.2,16.7
2002,North Carolina,10.4,8.1,13.3
2002,North Dakota,7.9,5.2,11.9
2002,Ohio,13.8,10.3,18.2
2002,Oklahoma,8.8,7.1,10.8
2002,Oregon,13.1,8.7,19.3
2002,Pennsylvania,11.1,8.9,13.6
2002,Rhode Island,10.1,7.4,13.5
2002,South Carolina,12,9.3,15.3
2002,South Dakota,8.5,5.6,12.7
2002,Tennessee,12.9,9.7,17
2002,Texas,10.8,8.7,13.3
2002,Utah,10.2,6.1,16.7
2002,Vermont,9.6,6.8,13.4
2002,Virginia,9,7.1,11.4
2002,Washington,10.7,6.6,16.8
2002,West Virginia,14,11.3,17.3
2002,Wisconsin,6.9,4.6,10.3
2002,Wyoming,6.4,4.1,10
2002,Guam,Suppressed,Suppressed,Suppressed
2002,Puerto Rico,12.1,10.4,14.1
2002,Virgin Islands of the U.S.,14.3,11.3,18
2003,Alabama,15.2,11.8,19.2
2003,Alaska,Suppressed,Suppressed,Suppressed
2003,Arizona,10.7,7.1,15.6
2003,Arkansas,12.4,9.7,15.7
2003,California,11.5,8.6,15.3
2003,Colorado,7.8,4.8,12.4
2003,Connecticut,7.5,5.3,10.7
2003,Delaware,14.4,10.1,20.1
2003,District of Columbia,12.6,8,19.3
2003,Florida,8.9,6.3,12.4
2003,Georgia,11.5,9.5,13.8
2003,Hawaii,14.4,9.5,21.3
2003,Idaho,7,4.6,10.6
2003,Illinois,10.7,8,14.1
2003,Indiana,14.4,11.5,17.8
2003,Iowa,7,4.8,10
2003,Kansas,6,3.8,9.4
2003,Kentucky,11.2,9.3,13.3
2003,Louisiana,12,9.7,14.8
2003,Maine,9.8,6.6,14.4
2003,Maryland,11.8,8.3,16.6
2003,Massachusetts,12.2,9.4,15.6
2003,Michigan,12.9,9.9,16.7
2003,Minnesota,10,6.1,15.9
2003,Mississippi,15.9,13.5,18.6
2003,Missouri,8.1,6,10.8
2003,Montana,6.1,3.9,9.4
2003,Nebraska,7.6,5.1,11.2
2003,Nevada,8.9,5.1,15
2003,New Hampshire,7.1,4.9,10.2
2003,New Jersey,10.5,8.2,13.3
2003,New Mexico,10.2,8.2,12.6
2003,New York,10.9,8.3,14.2
2003,North Carolina,10.4,8.8,12.2
2003,North Dakota,6.4,4.2,9.6
2003,Ohio,16.6,11.6,23.2
2003,Oklahoma,9.3,7.5,11.6
2003,Oregon,12.6,9,17.2
2003,Pennsylvania,11.4,8.4,15.2
2003,Rhode Island,13.3,9.9,17.7
2003,South Carolina,15.2,12.6,18.2
2003,South Dakota,11.1,8.1,14.9
2003,Tennessee,12.1,8,17.9
2003,Texas,11.7,9.6,14.2
2003,Utah,10.9,6.4,17.8
2003,Vermont,11.1,7.8,15.6
2003,Virginia,12.9,10.1,16.2
2003,Washington,11.3,9.5,13.3
2003,West Virginia,12.6,10.2,15.4
2003,Wisconsin,10,6.6,14.9
2003,Wyoming,9.7,6.6,14
2003,Guam,13.1,8.1,20.4
2003,Puerto Rico,13.2,11.3,15.4
2003,Virgin Islands of the U.S.,13.7,10.1,18.2
2004,Hawaii,No Data,No Data,No Data
2004,Guam,No Data,No Data,No Data
2004,Alabama,14.5,11.5,18.2
2004,Alaska,2.6,1.4,4.7
2004,Arizona,13.7,9.6,19.2
2004,Arkansas,8.5,6.6,10.8
2004,California,12.9,9.9,16.6
2004,Colorado,6.8,4.7,9.9
2004,Connecticut,12.7,9.5,16.9
2004,Delaware,10.7,7.5,14.9
2004,District of Columbia,14.1,10.2,19.3
2004,Florida,10.7,7.9,14.3
2004,Georgia,13.3,10.4,16.9
2004,Idaho,10.6,8,13.9
2004,Illinois,11.7,8.2,16.6
2004,Indiana,13.4,10.9,16.4
2004,Iowa,8.6,6.1,11.9
2004,Kansas,10.6,8.3,13.4
2004,Kentucky,8.9,7.4,10.7
2004,Louisiana,11.8,9.9,13.9
2004,Maine,13.3,8.4,20.3
2004,Maryland,12,8.7,16.4
2004,Massachusetts,13.1,10.4,16.4
2004,Michigan,12.7,9.4,17
2004,Minnesota,8.5,5.3,13.3
2004,Mississippi,12.9,10.8,15.2
2004,Missouri,9.2,7,12.1
2004,Montana,10,6.8,14.5
2004,Nebraska,9.1,6.7,12.1
2004,Nevada,11.8,7.6,18.1
2004,New Hampshire,8.4,6.1,11.5
2004,New Jersey,10,8.3,12
2004,New Mexico,9.3,7.5,11.5
2004,New York,9.8,7.6,12.6
2004,North Carolina,12,10.6,13.6
2004,North Dakota,10,6,16.2
2004,Ohio,13.8,9.2,20.2
2004,Oklahoma,10.8,8.4,13.7
2004,Oregon,7.3,4.9,10.6
2004,Pennsylvania,10.5,7.6,14.3
2004,Rhode Island,12.4,9.8,15.6
2004,South Carolina,11.4,9.3,13.8
2004,South Dakota,9.6,7.1,12.9
2004,Tennessee,12.1,9.4,15.5
2004,Texas,12,9.8,14.7
2004,Utah,5.6,3.4,9
2004,Vermont,9.4,7.2,12.3
2004,Virginia,8,6.4,10
2004,Washington,7,5.8,8.5
2004,West Virginia,14.2,11.4,17.5
2004,Wisconsin,10.2,6.9,14.9
2004,Wyoming,12.1,8.2,17.4
2004,Puerto Rico,13.5,11.1,16.4
2004,Virgin Islands of the U.S.,12.3,9.9,15.2
2005,Guam,No Data,No Data,No Data
2005,Alabama,11.3,8.7,14.4
2005,Alaska,4.3,2.6,7
2005,Arizona,11.1,7.7,15.8
2005,Arkansas,10.9,8.5,13.9
2005,California,11.3,8.7,14.6
2005,Colorado,9.9,7.3,13.4
2005,Connecticut,11.9,8.7,16
2005,Delaware,14,9.7,19.7
2005,District of Columbia,13.1,9.5,17.9
2005,Florida,11.8,9.3,14.8
2005,Georgia,13.4,10.9,16.4
2005,Hawaii,13,8.7,18.9
2005,Idaho,12.1,9.3,15.5
2005,Illinois,13,9,18.3
2005,Indiana,12.2,9.4,15.7
2005,Iowa,9.6,7.1,12.8
2005,Kansas,11.6,9,14.8
2005,Kentucky,12.4,10.1,15.1
2005,Louisiana,12,9.1,15.7
2005,Maine,11.2,7.7,16.1
2005,Maryland,12.1,9.3,15.6
2005,Massachusetts,10.6,8.1,13.8
2005,Michigan,11.3,9.4,13.6
2005,Minnesota,8.1,4.5,14.1
2005,Mississippi,12.4,10.2,15.2
2005,Missouri,13.9,10.2,18.8
2005,Montana,10,7.1,13.9
2005,Nebraska,8.4,6.4,10.9
2005,Nevada,9.2,5.6,14.7
2005,New Hampshire,11,7.7,15.5
2005,New Jersey,14.6,12.1,17.5
2005,New Mexico,10.4,8.3,13.1
2005,New York,13.5,10.7,16.9
2005,North Carolina,12.2,10.8,13.8
2005,North Dakota,8.1,5.1,12.6
2005,Ohio,8.9,6.4,12.4
2005,Oklahoma,9.5,7.8,11.5
2005,Oregon,10.1,7.9,12.7
2005,Pennsylvania,10.2,8.1,12.8
2005,Rhode Island,7.1,5.3,9.4
2005,South Carolina,14.3,12.2,16.8
2005,South Dakota,6.8,5.1,9.1
2005,Tennessee,13.9,11,17.4
2005,Texas,11.5,9.7,13.5
2005,Utah,11.1,7.7,15.6
2005,Vermont,11.1,7.7,15.7
2005,Virginia,13.7,10.8,17.3
2005,Washington,10,8.2,12.1
2005,West Virginia,12.2,9.7,15.3
2005,Wisconsin,9.7,6.5,14.4
2005,Wyoming,11,7.5,15.9
2005,Puerto Rico,14.6,12.6,16.9
2005,Virgin Islands of the U.S.,10.4,7.5,14.2
2006,Guam,No Data,No Data,No Data
2006,Alabama,11.6,9,14.8
2006,Alaska,Suppressed,Suppressed,Suppressed
2006,Arizona,13.5,8.8,20.2
2006,Arkansas,10.3,8.1,12.9
2006,California,14.8,12,18
2006,Colorado,8.5,6.1,11.9
2006,Connecticut,9.7,7.6,12.3
2006,Delaware,10.8,7,16.2
2006,District of Columbia,14.1,10.2,19.2
2006,Florida,11.5,9.2,14.3
2006,Georgia,16.4,13.3,20
2006,Hawaii,10.6,7.7,14.5
2006,Idaho,8.9,6.5,12
2006,Illinois,12.9,9.3,17.5
2006,Indiana,9.6,7.7,11.9
2006,Iowa,8.9,6.3,12.4
2006,Kansas,9.4,7.5,11.6
2006,Kentucky,12.8,10.8,15.1
2006,Louisiana,15,12.7,17.7
2006,Maine,8.6,6.2,12
2006,Maryland,12.8,9.7,16.7
2006,Massachusetts,14.2,11.2,17.9
2006,Michigan,10.8,8.3,14
2006,Minnesota,5.7,3.7,8.8
2006,Mississippi,13.1,11.1,15.4
2006,Missouri,9.8,7.6,12.5
2006,Montana,8.3,6.1,11.3
2006,Nebraska,9.7,7.2,12.9
2006,Nevada,11.2,7.9,15.7
2006,New Hampshire,13.1,10,17
2006,New Jersey,12.1,10.1,14.5
2006,New Mexico,10,8,12.4
2006,New York,10.7,8.4,13.5
2006,North Carolina,12.7,11.3,14.3
2006,North Dakota,9.5,6.3,14.1
2006,Ohio,10.3,7.1,14.7
2006,Oklahoma,12.7,10.6,15.2
2006,Oregon,7,4.4,11.1
2006,Pennsylvania,11.3,8.8,14.3
2006,Rhode Island,11.2,8.5,14.5
2006,South Carolina,12.7,10.5,15.2
2006,South Dakota,7.5,5.6,10.1
2006,Tennessee,14,11.1,17.5
2006,Texas,15.5,12.1,19.5
2006,Utah,9.6,6.3,14.4
2006,Vermont,11.4,8.7,14.8
2006,Virginia,10.9,8.7,13.5
2006,Washington,11.3,9.6,13.2
2006,West Virginia,14.7,12.1,17.6
2006,Wisconsin,10.7,7.8,14.6
2006,Wyoming,8.2,5.9,11.2
2006,Puerto Rico,15.3,13.2,17.8
2006,Virgin Islands of the U.S.,12.1,9.6,15.3
2007,Alabama,12.5,10.5,14.9
2007,Alaska,Suppressed,Suppressed,Suppressed
2007,Arizona,18,13,24.2
2007,Arkansas,11,8.5,14.1
2007,California,12.2,9.9,15
2007,Colorado,10.4,8.3,13
2007,Connecticut,13.1,9.7,17.3
2007,Delaware,13.4,9.9,17.9
2007,District of Columbia,14.5,10.4,19.7
2007,Florida,12.3,10.5,14.5
2007,Georgia,17.9,14.8,21.3
2007,Hawaii,8.7,5.9,12.6
2007,Idaho,11.8,8.9,15.4
2007,Illinois,12.5,8.9,17.2
2007,Indiana,10.5,8.2,13.2
2007,Iowa,8.3,5.7,11.9
2007,Kansas,9.5,7.5,11.9
2007,Kentucky,12.9,10.9,15.2
2007,Louisiana,15.4,12.7,18.5
2007,Maine,10.7,7.8,14.6
2007,Maryland,11.3,8.9,14.4
2007,Massachusetts,14.2,12.3,16.4
2007,Michigan,11.3,8.7,14.4
2007,Minnesota,7.8,4.7,12.7
2007,Mississippi,15.1,13,17.4
2007,Missouri,11.1,8.2,15
2007,Montana,8.8,6.2,12.3
2007,Nebraska,9.9,6.7,14.4
2007,Nevada,7.2,4.8,10.8
2007,New Hampshire,11.8,9.1,15.2
2007,New Jersey,16.3,12.6,20.7
2007,New Mexico,10.3,8.3,12.7
2007,New York,12.6,9.6,16.4
2007,North Carolina,12.6,11.1,14.2
2007,North Dakota,6.6,4.6,9.5
2007,Ohio,12,9.9,14.5
2007,Oklahoma,13,10.9,15.4
2007,Oregon,11.1,8.1,15.1
2007,Pennsylvania,11.3,8.6,14.7
2007,Rhode Island,13.4,10.5,17.1
2007,South Carolina,12.5,10.8,14.3
2007,South Dakota,10.1,7.6,13.3
2007,Tennessee,12.6,10.2,15.5
2007,Texas,15.7,14,17.5
2007,Utah,11.3,8,15.8
2007,Vermont,15.9,8.7,27.3
2007,Virginia,13,10.6,15.9
2007,Washington,9.6,8,11.3
2007,West Virginia,15.5,12.5,19.1
2007,Wisconsin,12.4,8.9,17
2007,Wyoming,7.2,5.2,9.9
2007,Guam,10.8,6.1,18.4
2007,Puerto Rico,13.7,11.7,16
2007,Virgin Islands of the U.S.,11.3,9.2,13.9
2008,Alabama,12.8,10.8,15.2
2008,Alaska,Suppressed,Suppressed,Suppressed
2008,Arizona,14,10.3,18.7
2008,Arkansas,12.3,9.6,15.6
2008,California,12.8,11.1,14.8
2008,Colorado,7.5,5.9,9.4
2008,Connecticut,13.1,9.1,18.5
2008,Delaware,8.3,5.7,12
2008,District of Columbia,14.9,11.2,19.5
2008,Florida,11,8.3,14.3
2008,Georgia,13.1,10.5,16.2
2008,Hawaii,13.3,9.2,18.9
2008,Idaho,8.6,6.3,11.6
2008,Illinois,11.3,8.3,15.3
2008,Indiana,16.3,12.5,21.1
2008,Iowa,9.6,6.8,13.5
2008,Kansas,11.9,9.3,15.2
2008,Kentucky,14.7,12.6,17.2
2008,Louisiana,16.4,13.5,19.8
2008,Maine,10.9,8.3,14.1
2008,Maryland,13.7,11.2,16.7
2008,Massachusetts,10.7,9.2,12.4
2008,Michigan,12.8,10,16.3
2008,Minnesota,Suppressed,Suppressed,Suppressed
2008,Mississippi,17.6,14.5,21.3
2008,Missouri,12.7,9.3,17.2
2008,Montana,8.1,5.9,11.2
2008,Nebraska,11.1,8.5,14.4
2008,Nevada,7.6,4.9,11.6
2008,New Hampshire,12,8.7,16.2
2008,New Jersey,14.9,12.5,17.8
2008,New Mexico,13.1,10.8,15.9
2008,New York,11.9,9.1,15.3
2008,North Carolina,12.9,11.3,14.6
2008,North Dakota,10.2,7.6,13.7
2008,Ohio,16.4,13,20.3
2008,Oklahoma,10.5,8.7,12.7
2008,Oregon,6.7,4.5,9.9
2008,Pennsylvania,10.1,8.2,12.3
2008,Rhode Island,11.9,8.9,15.7
2008,South Carolina,12.9,10.8,15.4
2008,South Dakota,7.5,5.6,10
2008,Tennessee,14.7,11.9,18.2
2008,Texas,14.8,12.8,17
2008,Utah,6.9,4.6,10.4
2008,Vermont,11.5,8.8,15
2008,Virginia,12.1,9.6,15
2008,Washington,9.9,8.4,11.6
2008,West Virginia,14.1,11.3,17.4
2008,Wisconsin,12.3,9,16.7
2008,Wyoming,14.7,9.8,21.4
2008,Guam,Suppressed,Suppressed,Suppressed
2008,Puerto Rico,14.8,12.6,17.4
2008,Virgin Islands of the U.S.,12.8,10.3,15.9
2009,Alabama,14.7,11.8,18
2009,Alaska,Suppressed,Suppressed,Suppressed
2009,Arizona,11.5,8.3,15.7
2009,Arkansas,14,10.4,18.7
2009,California,14.2,12.6,15.9
2009,Colorado,11.4,9.1,14
2009,Connecticut,13.4,9.9,17.9
2009,Delaware,17.7,11.7,25.8
2009,District of Columbia,15.1,11.3,19.8
2009,Florida,17.1,11.8,24
2009,Georgia,12.8,10.7,15.4
2009,Hawaii,15.8,10.7,22.8
2009,Idaho,11.2,8.6,14.4
2009,Illinois,13.2,8.7,19.7
2009,Indiana,13.8,11.5,16.5
2009,Iowa,9.6,7.1,12.8
2009,Kansas,13.1,10.8,15.7
2009,Kentucky,17.8,14.6,21.4
2009,Louisiana,15.7,13.3,18.5
2009,Maine,12.3,9.7,15.4
2009,Maryland,11.8,9.2,15
2009,Massachusetts,13.5,11.5,15.8
2009,Michigan,11.7,9.4,14.5
2009,Minnesota,9.8,6.4,14.9
2009,Mississippi,15.1,13.2,17.3
2009,Missouri,12.9,9.5,17.2
2009,Montana,8.8,6.7,11.6
2009,Nebraska,10.6,8.3,13.5
2009,Nevada,12.2,8,18.3
2009,New Hampshire,10.1,6.5,15.2
2009,New Jersey,12.9,10.1,16.2
2009,New Mexico,11.4,9.4,13.6
2009,New York,14.2,11.2,17.8
2009,North Carolina,13.5,11.1,16.3
2009,North Dakota,5.9,4.1,8.3
2009,Ohio,14.8,12.2,17.8
2009,Oklahoma,12.6,10.6,14.9
2009,Oregon,15.6,9.4,24.9
2009,Pennsylvania,14.6,10.9,19.4
2009,Rhode Island,11.6,9.3,14.5
2009,South Carolina,17.1,13.7,21.1
2009,South Dakota,8.5,6.2,11.6
2009,Tennessee,13.8,10.6,17.8
2009,Texas,12.2,10.1,14.6
2009,Utah,10.8,8,14.5
2009,Vermont,10.2,7.6,13.6
2009,Virginia,14.5,11.7,17.8
2009,Washington,11.2,9.4,13.3
2009,West Virginia,16.3,12.8,20.6
2009,Wisconsin,11,7.2,16.4
2009,Wyoming,8.6,5.4,13.5
2009,Guam,14.4,9.2,22
2009,Puerto Rico,17,14.1,20.5
2009,Virgin Islands of the U.S.,9.5,7.4,12.1
2010,Alabama,15.2,12.3,18.6
2010,Alaska,Suppressed,Suppressed,Suppressed
2010,Arizona,15.2,10.6,21.3
2010,Arkansas,12.1,9.4,15.3
2010,California,13.7,12.3,15.4
2010,Colorado,9.1,7.1,11.5
2010,Connecticut,11.4,8.6,15.1
2010,Delaware,16.9,11.3,24.5
2010,District of Columbia,14.2,9.4,20.9
2010,Florida,13.1,10.8,15.7
2010,Georgia,14.9,12.1,18.2
2010,Hawaii,7.7,5.2,11.3
2010,Idaho,12.6,9.5,16.5
2010,Illinois,17.8,13.1,23.8
2010,Indiana,12.9,10.7,15.5
2010,Iowa,6.8,4.7,9.8
2010,Kansas,12.4,9.7,15.8
2010,Kentucky,12.8,10.3,15.9
2010,Louisiana,14.5,12,17.4
2010,Maine,11.3,8.8,14.3
2010,Maryland,15.7,11.4,21.2
2010,Massachusetts,13.9,11.3,16.9
2010,Michigan,9.9,7.7,12.8
2010,Minnesota,Suppressed,Suppressed,Suppressed
2010,Mississippi,15.8,13.8,18
2010,Missouri,12.1,8.8,16.4
2010,Montana,8.4,6.1,11.4
2010,Nebraska,12.2,9,16.2
2010,Nevada,11.7,7.3,18.1
2010,New Hampshire,9.2,7,12.2
2010,New Jersey,13.5,10.6,16.9
2010,New Mexico,13.1,10.9,15.6
2010,New York,13.3,10.8,16.3
2010,North Carolina,15.5,13.2,18.1
2010,North Dakota,8.2,5.2,12.6
2010,Ohio,15.8,12.2,20.2
2010,Oklahoma,12.3,10.3,14.7
2010,Oregon,8.8,6.4,12.1
2010,Pennsylvania,14.2,11.4,17.6
2010,Rhode Island,12,9.4,15.1
2010,South Carolina,14.7,11.6,18.5
2010,South Dakota,11,7.4,16.1
2010,Tennessee,16.4,13.1,20.5
2010,Texas,15,13.1,17.1
2010,Utah,12.5,9.5,16.2
2010,Vermont,13.9,10.2,18.5
2010,Virginia,11.7,9.3,14.5
2010,Washington,11.1,8.9,13.8
2010,West Virginia,13.7,11.2,16.6
2010,Wisconsin,11.9,7.9,17.6
2010,Wyoming,10.3,7.8,13.5
2010,Guam,14.2,8.7,22.2
2010,Puerto Rico,16.1,12.8,20
2010,Virgin Islands of the U.S.,14.4,10.3,19.7
2011,Virgin Islands of the U.S.,No Data,No Data,No Data
2011,Alabama,13.9,11.8,16.4
2011,Alaska,12.8,7.6,20.9
2011,Arizona,12.8,9.6,17
2011,Arkansas,11.9,9.2,15.1
2011,California,13,11.4,14.8
2011,Colorado,12.3,9.6,15.7
2011,Connecticut,14.1,11.2,17.7
2011,Delaware,13.7,10.1,18.3
2011,District of Columbia,15.7,10.5,22.9
2011,Florida,13.1,10.6,16
2011,Georgia,14.9,12.7,17.4
2011,Hawaii,9.3,6.7,12.8
2011,Idaho,13.7,10.7,17.5
2011,Illinois,18,13.2,24.2
2011,Indiana,13.3,11,16.2
2011,Iowa,8.9,6.7,11.8
2011,Kansas,12.3,10.5,14.3
2011,Kentucky,13.7,11.5,16.2
2011,Louisiana,13.6,11.5,16
2011,Maine,11.3,9.3,13.7
2011,Maryland,11.3,8.8,14.3
2011,Massachusetts,12.3,10.2,14.7
2011,Michigan,10.1,7.9,12.9
2011,Minnesota,10.6,8,13.9
2011,Mississippi,15.4,13.3,17.7
2011,Missouri,14.4,11,18.5
2011,Montana,9,6.7,11.9
2011,Nebraska,11.6,9.6,13.9
2011,Nevada,12.9,9.2,17.8
2011,New Hampshire,10,7.5,13.1
2011,New Jersey,12.8,10.7,15.2
2011,New Mexico,14,11.6,16.7
2011,New York,15.1,12.5,18.2
2011,North Carolina,15.3,12.9,17.9
2011,North Dakota,8.1,5.4,11.8
2011,Ohio,11.5,8.9,14.7
2011,Oklahoma,14.2,11.9,16.9
2011,Oregon,12.3,8.7,17.1
2011,Pennsylvania,12.1,10,14.7
2011,Rhode Island,11.9,9.1,15.4
2011,South Carolina,15.1,12.9,17.4
2011,South Dakota,12.5,8.7,17.5
2011,Tennessee,15.2,12,19.1
2011,Texas,14.9,12.9,17.2
2011,Utah,10.5,8.2,13.3
2011,Vermont,9.8,7.3,13.1
2011,Virginia,14.8,11.8,18.5
2011,Washington,10.8,8.5,13.7
2011,West Virginia,13.3,11.1,15.9
2011,Wisconsin,11.1,7.8,15.7
2011,Wyoming,9.2,6.1,13.5
2011,Guam,12.5,8.2,18.8
2011,Puerto Rico,16.1,14.1,18.4
2012,Virgin Islands of the U.S.,No Data,No Data,No Data
2012,Alabama,12.8,10.7,15.2
2012,Alaska,8.4,5.4,12.8
2012,Arizona,15,11.2,19.9
2012,Arkansas,11.1,8.7,14.2
2012,California,15.3,13.4,17.5
2012,Colorado,13.9,11.4,16.9
2012,Connecticut,15.4,11.7,20.1
2012,Delaware,12.3,8.6,17.2
2012,District of Columbia,15.7,10.9,22.2
2012,Florida,15.2,11.8,19.4
2012,Georgia,12.8,10.4,15.7
2012,Hawaii,11.1,6.8,17.6
2012,Idaho,12.9,9.4,17.4
2012,Illinois,14.5,10.5,19.6
2012,Indiana,16.1,13.6,18.9
2012,Iowa,15,11.9,18.8
2012,Kansas,11.7,9.4,14.6
2012,Kentucky,11.8,9.7,14.2
2012,Louisiana,15.7,13,18.7
2012,Maine,13.3,10.2,17.3
2012,Maryland,13.7,11,17
2012,Massachusetts,11.7,10,13.8
2012,Michigan,13.2,10.1,17.1
2012,Minnesota,12.6,9.3,16.9
2012,Mississippi,15.6,13.1,18.5
2012,Missouri,14,11.1,17.5
2012,Montana,7.4,5.4,10
2012,Nebraska,7.6,6.1,9.4
2012,Nevada,10,7.1,13.9
2012,New Hampshire,13.7,10.7,17.5
2012,New Jersey,11.5,9.7,13.6
2012,New Mexico,15.1,13,17.3
2012,New York,15.5,12.5,19.1
2012,North Carolina,14.2,12.2,16.5
2012,North Dakota,12.1,8,17.9
2012,Ohio,14.9,12.3,17.8
2012,Oklahoma,13.6,11.4,16.2
2012,Oregon,16.1,11.8,21.7
2012,Pennsylvania,14,11.6,16.8
2012,Rhode Island,12.3,9.6,15.6
2012,South Carolina,14.6,12.5,16.9
2012,South Dakota,10.2,7.3,14.1
2012,Tennessee,14,11.3,17.2
2012,Texas,15.1,13,17.4
2012,Utah,12.7,10,15.9
2012,Vermont,9.9,6.4,15
2012,Virginia,14.6,11.6,18.2
2012,Washington,12,9.7,14.6
2012,West Virginia,13.5,11.1,16.3
2012,Wisconsin,13.2,8.7,19.5
2012,Wyoming,15.1,10.3,21.6
2012,Guam,11.7,7.7,17.5
2012,Puerto Rico,18.8,16.4,21.4
2013,Virgin Islands of the U.S.,No Data,No Data,No Data
2013,Alabama,18.4,15,22.3
2013,Alaska,Suppressed,Suppressed,Suppressed
2013,Arizona,16,10.9,23.1
2013,Arkansas,15,11.5,19.3
2013,California,16.4,14.2,18.8
2013,Colorado,10.6,8.4,13.2
2013,Connecticut,11.1,8.1,15
2013,Delaware,16.3,12.2,21.4
2013,District of Columbia,11.8,7.7,17.7
2013,Florida,14.6,12.2,17.3
2013,Georgia,13.9,11.7,16.3
2013,Hawaii,12.5,8.5,17.9
2013,Idaho,12.4,8.9,17.1
2013,Illinois,10.9,7.7,15.3
2013,Indiana,12.5,10.5,14.9
2013,Iowa,12.9,9.8,16.8
2013,Kansas,12.2,10.6,14
2013,Kentucky,11.1,9.2,13.4
2013,Louisiana,18.5,14.9,22.7
2013,Maine,12.4,9.3,16.5
2013,Maryland,14.3,11.2,18
2013,Massachusetts,14.4,11.9,17.3
2013,Michigan,12.4,9.8,15.5
2013,Minnesota,11.5,8,16.3
2013,Mississippi,15.6,12.9,18.7
2013,Missouri,9.4,7.2,12.2
2013,Montana,8.9,6.8,11.6
2013,Nebraska,13.5,10.8,16.7
2013,Nevada,12.5,8.3,18.3
2013,New Hampshire,10,6.8,14.4
2013,New Jersey,10.8,8.7,13.2
2013,New Mexico,15.8,13.4,18.6
2013,New York,17,14.4,20.1
2013,North Carolina,15.2,13,17.7
2013,North Dakota,9.7,6.6,14
2013,Ohio,12.8,10.4,15.7
2013,Oklahoma,15.2,12.5,18.3
2013,Oregon,11.2,7.9,15.6
2013,Pennsylvania,13.3,10.8,16.2
2013,Rhode Island,11.3,8.5,14.7
2013,South Carolina,14.4,12.4,16.7
2013,South Dakota,12.7,9.2,17.4
2013,Tennessee,19.6,14.6,25.6
2013,Texas,15.9,13.5,18.7
2013,Utah,9.7,7.2,12.9
2013,Vermont,12.4,9,16.9
2013,Virginia,12.3,9.7,15.5
2013,Washington,11.3,8.7,14.4
2013,West Virginia,14.4,11.7,17.5
2013,Wisconsin,8.7,5.5,13.6
2013,Wyoming,11.7,8.1,16.5
2013,Guam,21.1,15.5,28.2
2013,Puerto Rico,17.5,14.6,20.9
2014,Virgin Islands of the U.S.,No Data,No Data,No Data
2014,Alabama,14.9,12.6,17.7
2014,Alaska,9.2,6.3,13.3
2014,Arizona,14,11.7,16.6
2014,Arkansas,14.6,11.2,18.8
2014,California,15.3,13.2,17.8
2014,Colorado,13.9,11.5,16.8
2014,Connecticut,15.3,12.6,18.5
2014,Delaware,12.4,9.5,16
2014,District of Columbia,18.1,11.5,27.4
2014,Florida,14.5,12.1,17.4
2014,Georgia,14.6,12,17.7
2014,Hawaii,12.3,8.2,18
2014,Idaho,10.2,7.2,14.3
2014,Illinois,15,11.5,19.4
2014,Indiana,14.3,12.2,16.7
2014,Iowa,12.2,9.3,15.9
2014,Kansas,14.3,12.1,16.8
2014,Kentucky,16.3,12.8,20.4
2014,Louisiana,13.6,11.5,16
2014,Maine,10.4,8,13.4
2014,Maryland,12.2,9.4,15.6
2014,Massachusetts,16.8,13.5,20.7
2014,Michigan,12.8,10.2,16
2014,Minnesota,12.7,10.3,15.6
2014,Mississippi,17.2,13.8,21.3
2014,Missouri,12.3,9.3,16.1
2014,Montana,13,9.8,17
2014,Nebraska,13.4,11,16.3
2014,Nevada,10.1,6.9,14.6
2014,New Hampshire,11.1,7.8,15.5
2014,New Jersey,12.4,10.1,15.1
2014,New Mexico,15.3,13,18
2014,New York,14.2,11.5,17.4
2014,North Carolina,16.5,13.7,19.6
2014,North Dakota,9.7,6.7,13.9
2014,Ohio,13.2,10.5,16.5
2014,Oklahoma,13.7,11.6,16.2
2014,Oregon,13.7,10.2,18
2014,Pennsylvania,16.1,13.3,19.3
2014,Rhode Island,10.9,8.7,13.6
2014,South Carolina,13.2,11.4,15.2
2014,South Dakota,10.5,7.1,15.2
2014,Tennessee,16.3,13.1,20.2
2014,Texas,15.9,13.8,18.2
2014,Utah,12.1,9.8,14.8
2014,Vermont,11,8.2,14.6
2014,Virginia,13.6,11.1,16.4
2014,Washington,12,9.1,15.7
2014,West Virginia,17.1,14.2,20.5
2014,Wisconsin,14.3,10.8,18.6
2014,Wyoming,12.9,8.7,18.8
2014,Guam,11.3,7.6,16.4
2014,Puerto Rico,16.9,14.5,19.7
2015,Virgin Islands of the U.S.,No Data,No Data,No Data
2015,Alabama,18.5,15.6,21.9
2015,Alaska,15.8,9.8,24.5
2015,Arizona,14.1,11.1,17.7
2015,Arkansas,13.9,10.8,17.7
2015,California,15.6,13.7,17.8
2015,Colorado,11.8,9.7,14.4
2015,Connecticut,16.3,13.3,19.7
2015,Delaware,16.4,12.8,20.7
2015,District of Columbia,18.7,11.1,29.8
2015,Florida,12.2,10,14.8
2015,Georgia,13,10.3,16.4
2015,Hawaii,8.9,5.8,13.6
2015,Idaho,9.7,7.2,12.9
2015,Illinois,10.9,8.3,14.1
2015,Indiana,14.7,11.2,19
2015,Iowa,13,9.2,18
2015,Kansas,12.5,11,14.3
2015,Kentucky,18,14.7,21.8
2015,Louisiana,17,13.8,20.7
2015,Maine,11.2,8.8,14.2
2015,Maryland,12.7,9.2,17.2
2015,Massachusetts,12.5,9.9,15.7
2015,Michigan,13.5,10.6,17.2
2015,Minnesota,10,7.7,12.9
2015,Mississippi,18.5,15.2,22.2
2015,Missouri,13.9,11.1,17.3
2015,Montana,13.3,9,19.2
2015,Nebraska,11.3,9.2,13.9
2015,Nevada,9.7,6.3,14.7
2015,New Hampshire,11.9,8,17.2
2015,New Jersey,13.1,10.2,16.6
2015,New Mexico,17.4,14.1,21.2
2015,New York,15.6,13.1,18.4
2015,North Carolina,13,10.7,15.7
2015,North Dakota,16.7,11.3,24.2
2015,Ohio,11.2,8.8,14.2
2015,Oklahoma,16.4,13,20.3
2015,Oregon,15.2,11.4,20
2015,Pennsylvania,12.9,9.7,17.1
2015,Rhode Island,13.1,10.1,16.8
2015,South Carolina,16.4,13.9,19.1
2015,South Dakota,12.1,7.7,18.4
2015,Tennessee,15.4,11.9,19.7
2015,Texas,16.2,13.9,18.8
2015,Utah,11,8.6,14
2015,Vermont,11.9,8.7,16.1
2015,Virginia,14.9,12.2,18
2015,Washington,13.1,10.8,15.7
2015,West Virginia,16.8,14,20.2
2015,Wisconsin,12.5,8.8,17.4
2015,Wyoming,10.6,7.1,15.5
2015,Guam,23.4,16.3,32.3
2015,Puerto Rico,15.9,13.6,18.6
2016,Alabama,18.7,14.8,23.3
2016,Alaska,Suppressed,Suppressed,Suppressed
2016,Arizona,14.5,11.9,17.5
2016,Arkansas,15.5,11,21.4
2016,California,15.2,13.4,17.3
2016,Colorado,9.5,7.8,11.6
2016,Connecticut,16.2,13.2,19.6
2016,Delaware,14.9,10.8,20.3
2016,District of Columbia,15.6,12.2,19.7
2016,Florida,15,13.1,17.2
2016,Georgia,16.5,13.4,20.1
2016,Hawaii,14.7,10.2,20.5
2016,Idaho,12.7,9.3,17.1
2016,Illinois,17,13.6,21.2
2016,Indiana,14.9,12.4,17.9
2016,Iowa,9.7,7.3,12.7
2016,Kansas,10.5,8.5,12.8
2016,Kentucky,14.9,12.2,18
2016,Louisiana,15.7,12.7,19.3
2016,Maine,12.7,9.1,17.5
2016,Maryland,15.7,12.8,19.2
2016,Massachusetts,14.8,11.3,19.1
2016,Michigan,14.1,11.6,17.1
2016,Minnesota,13,10.8,15.7
2016,Mississippi,17.2,14,20.9
2016,Missouri,14.7,11.2,19.1
2016,Montana,9.6,6.1,14.6
2016,Nebraska,11.6,9.1,14.7
2016,Nevada,13,9.9,16.9
2016,New Hampshire,12.4,8.7,17.5
2016,New Jersey,13.5,10.3,17.5
2016,New Mexico,17.2,14.1,20.8
2016,New York,16.2,14.3,18.3
2016,North Carolina,14.7,12.2,17.5
2016,North Dakota,10.9,7.2,16.2
2016,Ohio,15,11.9,18.6
2016,Oklahoma,17.2,14,21
2016,Oregon,14.1,10.9,18.1
2016,Pennsylvania,16.3,12.9,20.3
2016,Rhode Island,12.4,9.5,16
2016,South Carolina,15,12.9,17.5
2016,South Dakota,9.3,5.8,14.5
2016,Tennessee,14.3,11.3,18.1
2016,Texas,15.6,13,18.6
2016,Utah,9.7,7.2,12.9
2016,Vermont,10.9,7.9,14.8
2016,Virginia,14.1,11.7,17
2016,Washington,12.1,9.9,14.8
2016,West Virginia,17.5,14.6,20.7
2016,Wisconsin,12.5,8.8,17.4
2016,Wyoming,11.6,7.6,17.4
2016,Guam,13,7.8,20.9
2016,Puerto Rico,16.4,13.8,19.3
2016,Virgin Islands of the U.S.,15.4,10.6,21.8
2017,Virgin Islands of the U.S.,No Data,No Data,No Data
2017,Alabama,16.9,13.9,20.4
2017,Alaska,Suppressed,Suppressed,Suppressed
2017,Arizona,13.5,11.6,15.5
2017,Arkansas,14.5,11.3,18.5
2017,California,16.3,14.1,18.8
2017,Colorado,13.7,11,16.9
2017,Connecticut,16.2,13,20
2017,Delaware,15.8,12.1,20.4
2017,District of Columbia,16.7,12.4,22.1
2017,Florida,13.5,11.1,16.3
2017,Georgia,14.4,11.7,17.6
2017,Hawaii,15,10.3,21.2
2017,Idaho,13.7,10.2,18.2
2017,Illinois,17,13.4,21.4
2017,Indiana,15.2,13,17.6
2017,Iowa,12.4,9.4,16.2
2017,Kansas,13.5,11.4,15.9
2017,Kentucky,15,12.1,18.4
2017,Louisiana,16.5,13.5,19.9
2017,Maine,11.4,8.6,14.8
2017,Maryland,12,9.3,15.3
2017,Massachusetts,17.7,13.6,22.7
2017,Michigan,15.7,13.1,18.8
2017,Minnesota,11.6,9.1,14.8
2017,Mississippi,17.6,14.6,20.9
2017,Missouri,12.5,9.9,15.5
2017,Montana,8.9,6.1,12.8
2017,Nebraska,14.5,11.7,17.9
2017,Nevada,11.6,7.9,16.7
2017,New Hampshire,9.4,6.2,13.9
2017,New Jersey,17.3,13.9,21.4
2017,New Mexico,11.9,9.8,14.3
2017,New York,15.6,13.3,18.3
2017,North Carolina,14.1,10.7,18.3
2017,North Dakota,13.7,10.1,18.4
2017,Ohio,12.9,10,16.5
2017,Oklahoma,14.2,11.1,17.9
2017,Oregon,11.8,8.5,16.1
2017,Pennsylvania,10.6,7.8,14.2
2017,Rhode Island,10.1,7.2,14.1
2017,South Carolina,17,14.6,19.7
2017,South Dakota,18.7,11.9,28.1
2017,Tennessee,20.2,16.4,24.7
2017,Texas,17.9,15,21.2
2017,Utah,11.1,8.3,14.7
2017,Vermont,11.6,8,16.6
2017,Virginia,14.4,11.7,17.7
2017,Washington,13.6,11,16.6
2017,West Virginia,17.2,14.4,20.3
2017,Wisconsin,14.9,9.4,22.7
2017,Wyoming,11,7.4,16.2
2017,Guam,22.7,16,31.3
2017,Puerto Rico,16.3,13.6,19.4
2018,Virgin Islands of the U.S.,No Data,No Data,No Data
2018,Alabama,18.3,15.1,22
2018,Alaska,9.1,5.5,14.5
2018,Arizona,15.3,11.3,20.3
2018,Arkansas,16.8,13.2,21
2018,California,15.4,13.6,17.4
2018,Colorado,12.2,10,14.7
2018,Connecticut,16.4,13.4,20
2018,Delaware,13.5,10.6,17.1
2018,District of Columbia,15.2,11.4,20.1
2018,Florida,15.1,11.9,19
2018,Georgia,16.1,13.8,18.8
2018,Hawaii,14.6,10.5,19.9
2018,Idaho,15.8,11.6,21.2
2018,Illinois,12.8,10.1,16.2
2018,Indiana,16.8,13.6,20.5
2018,Iowa,11.9,9.2,15.1
2018,Kansas,15,12.2,18.1
2018,Kentucky,18,14.5,22.2
2018,Louisiana,14.7,11.6,18.4
2018,Maine,14.6,10.7,19.5
2018,Maryland,17.7,15,20.9
2018,Massachusetts,11.3,8.4,15
2018,Michigan,17.3,14.1,21.2
2018,Minnesota,12.5,10.2,15.2
2018,Mississippi,18.4,15.1,22.3
2018,Missouri,10.3,7.7,13.6
2018,Montana,10.9,7.3,15.9
2018,Nebraska,10.6,8.6,13
2018,Nevada,12.9,9.3,17.7
2018,New Hampshire,15,11.1,20.1
2018,New Jersey,16,11,22.6
2018,New Mexico,16.1,13.3,19.3
2018,New York,14.7,12.9,16.8
2018,North Carolina,15.6,12.2,19.9
2018,North Dakota,10.6,7.1,15.5
2018,Ohio,13.7,10.7,17.2
2018,Oklahoma,16.2,12.8,20.4
2018,Oregon,15.7,12.2,20.1
2018,Pennsylvania,16,11.8,21.3
2018,Rhode Island,19.2,15.1,24
2018,South Carolina,16.5,14.1,19.2
2018,South Dakota,7.3,5,10.6
2018,Tennessee,17.4,14,21.3
2018,Texas,20.2,16.4,24.5
2018,Utah,15.3,12.2,19
2018,Vermont,14.2,10.3,19.2
2018,Virginia,12.5,10.4,15
2018,Washington,13.9,11.6,16.5
2018,West Virginia,19.3,15.9,23.3
2018,Wisconsin,13.8,10.1,18.5
2018,Wyoming,11.9,8,17.4
2018,Guam,21.4,14.4,30.7
2018,Puerto Rico,15.6,13.1,18.6
2019,New Jersey,No Data,No Data,No Data
2019,Virgin Islands of the U.S.,No Data,No Data,No Data
2019,Alabama,15.8,13,19.1
2019,Alaska,6.9,3.8,12.2
2019,Arizona,15.5,11.9,19.8
2019,Arkansas,14.7,11.7,18.1
2019,California,15.5,13.8,17.3
2019,Colorado,11.6,9.4,14.3
2019,Connecticut,16.1,12.9,19.8
2019,Delaware,17.8,13.9,22.5
2019,District of Columbia,16.8,12.3,22.5
2019,Florida,16.3,13.2,19.9
2019,Georgia,15.1,12.5,18.1
2019,Hawaii,9.9,7.1,13.7
2019,Idaho,15.2,11.2,20.4
2019,Illinois,15.4,12.6,18.6
2019,Indiana,14.8,12.1,17.9
2019,Iowa,12.6,9.9,15.8
2019,Kansas,14,11,17.5
2019,Kentucky,18.1,14.8,22
2019,Louisiana,15.9,12.9,19.5
2019,Maine,16.3,11.9,22
2019,Maryland,13.9,11.4,16.8
2019,Massachusetts,13.8,10.6,17.8
2019,Michigan,11.5,8.8,14.9
2019,Minnesota,9.9,7.9,12.3
2019,Mississippi,20.1,16.5,24.2
2019,Missouri,12.8,9.9,16.6
2019,Montana,7.5,4.9,11.3
2019,Nebraska,10.6,8.6,13
2019,Nevada,19.2,14.3,25.2
2019,New Hampshire,11.8,7.2,18.8
2019,New Mexico,16.3,13.3,19.9
2019,New York,16.2,13.7,18.9
2019,North Carolina,15.5,12.4,19.3
2019,North Dakota,12.8,9.2,17.6
2019,Ohio,13.4,10.8,16.5
2019,Oklahoma,16.9,14,20.4
2019,Oregon,12,9,15.9
2019,Pennsylvania,11.6,8.5,15.6
2019,Rhode Island,16.8,13,21.5
2019,South Carolina,15.3,12.6,18.5
2019,South Dakota,18.9,11.8,28.9
2019,Tennessee,17.3,14.2,21
2019,Texas,19.3,16.1,23
2019,Utah,9.3,6.8,12.6
2019,Vermont,16.7,10.5,25.5
2019,Virginia,12.6,10.3,15.3
2019,Washington,13.6,11.4,16.2
2019,West Virginia,18.6,14.3,23.8
2019,Wisconsin,7.6,4.7,12.1
2019,Wyoming,8,5.4,11.8
2019,Guam,12.7,8.2,19
2019,Puerto Rico,17.3,14.5,20.6
2020,Virgin Islands of the U.S.,No Data,No Data,No Data
2020,Alabama,15.7,12.5,19.5
2020,Alaska,Suppressed,Suppressed,Suppressed
2020,Arizona,15.4,12.8,18.4
2020,Arkansas,13.8,10.8,17.5
2020,California,15.5,12.4,19.1
2020,Colorado,15.1,12.6,18.2
2020,Connecticut,12.7,9.9,16.1
2020,Delaware,14,10.4,18.5
2020,District of Columbia,18.4,12.6,26
2020,Florida,17.5,13.5,22.4
2020,Georgia,13.9,11.5,16.7
2020,Hawaii,17.3,12,24.2
2020,Idaho,12.6,8.4,18.5
2020,Illinois,15.8,11.4,21.6
2020,Indiana,13.2,10.9,15.8
2020,Iowa,12.3,9.8,15.5
2020,Kansas,14.2,11.4,17.6
2020,Kentucky,15.5,11.9,19.9
2020,Louisiana,14.8,11.5,18.8
2020,Maine,12.5,9.3,16.5
2020,Maryland,12.9,10.3,16
2020,Massachusetts,16.9,12.3,22.7
2020,Michigan,18.5,14,24
2020,Minnesota,10.7,8.4,13.5
2020,Mississippi,20,15.8,25
2020,Missouri,12.9,10.1,16.3
2020,Montana,10.1,6.6,15.3
2020,Nebraska,13.5,10.8,16.9
2020,Nevada,13.6,8.9,20.1
2020,New Hampshire,13.2,9.2,18.6
2020,New Jersey,13.4,10.6,16.9
2020,New Mexico,15.4,12,19.7
2020,New York,17.2,14.5,20.3
2020,North Carolina,15.9,12.6,19.8
2020,North Dakota,15,8.8,24.5
2020,Ohio,16,13,19.4
2020,Oklahoma,16.3,12.2,21.3
2020,Oregon,11,7.8,15.4
2020,Pennsylvania,13.3,9.9,17.7
2020,Rhode Island,17,13,22
2020,South Carolina,18,13.5,23.7
2020,South Dakota,6.8,3.9,11.7
2020,Tennessee,16.2,12.3,21
2020,Texas,17.8,14.4,21.7
2020,Utah,12.6,9.6,16.4
2020,Vermont,14.1,9.4,20.7
2020,Virginia,12,9.7,14.9
2020,Washington,12.6,9.9,15.8
2020,West Virginia,15.6,12.5,19.3
2020,Wisconsin,12.9,8.5,19
2020,Wyoming,13.6,9.5,19.2
2020,Guam,20.2,13.8,28.8
2020,Puerto Rico,16,12.2,20.6
2021,Florida,No Data,No Data,No Data
2021,Alabama,20.1,15.6,25.6
2021,Alaska,11.9,8.1,17.1
2021,Arizona,15.8,13,19.1
2021,Arkansas,11.3,8.6,14.8
2021,California,18.6,16,21.6
2021,Colorado,10.4,8.2,13.1
2021,Connecticut,16,12,21
2021,Delaware,16,11.4,22
2021,District of Columbia,10.9,7,16.7
2021,Georgia,15.1,11.5,19.7
2021,Hawaii,10.6,7,15.8
2021,Idaho,10.8,8.2,14
2021,Illinois,11.1,7.1,16.8
2021,Indiana,16.6,13.9,19.7
2021,Iowa,12.6,9.6,16.4
2021,Kansas,14.8,12.1,18.1
2021,Kentucky,17.1,12.1,23.6
2021,Louisiana,12.1,9.8,14.9
2021,Maine,14,10,19.4
2021,Maryland,13.1,10.7,15.8
2021,Massachusetts,15.5,11.5,20.5
2021,Michigan,15.8,12.1,20.4
2021,Minnesota,11.6,9,14.8
2021,Mississippi,19.7,14.3,26.5
2021,Missouri,15,12.1,18.5
2021,Montana,10.1,6.9,14.4
2021,Nebraska,13.9,11.1,17.4
2021,Nevada,14,9.5,20.1
2021,New Hampshire,15.8,10,24.1
2021,New Jersey,15.9,13.1,19.2
2021,New Mexico,17.8,14.8,21.2
2021,New York,15.9,14.1,17.8
2021,North Carolina,14.4,11.4,18
2021,North Dakota,14.4,9.7,20.7
2021,Ohio,14.6,11.8,18
2021,Oklahoma,14.2,11,18.2
2021,Oregon,14.1,9.9,19.9
2021,Pennsylvania,12.7,9.2,17.2
2021,Rhode Island,13.9,10.4,18.4
2021,South Carolina,17.1,13.6,21.3
2021,South Dakota,Suppressed,Suppressed,Suppressed
2021,Tennessee,16.2,12.7,20.5
2021,Texas,15.9,12.9,19.5
2021,Utah,10.7,8.1,14.1
2021,Vermont,13,8.8,18.6
2021,Virginia,18,14.5,22.2
2021,Washington,12.4,10.1,15.2
2021,West Virginia,19,15.3,23.4
2021,Wisconsin,10.8,6.9,16.5
2021,Wyoming,8.9,5.2,14.7
2021,Guam,Suppressed,Suppressed,Suppressed
2021,Puerto Rico,17,12.5,22.6
2021,Virgin Islands of the U.S.,Suppressed,Suppressed,Suppressed
