Year,State,Percentage,Death Rate,Deaths
2000,Guam,No Data,,
2000,Virgin Islands of the U.S.,No Data,,
2000,Alabama,9.7,,
2000,Alaska,Suppressed,,
2000,Arizona,Suppressed,,
2000,Arkansas,8.5,,
2000,California,13.3,,
2000,Colorado,Suppressed,,
2000,Connecticut,11.9,,
2000,Delaware,17.8,,
2000,District of Columbia,12.1,,
2000,Florida,11.7,,
2000,Georgia,10.9,,
2000,Hawaii,4.8,,
2000,Idaho,8,,
2000,Illinois,11,,
2000,Indiana,10.2,,
2000,Iowa,7.2,,
2000,Kansas,8.9,,
2000,Kentucky,8.4,,
2000,Louisiana,10.4,,
2000,Maine,10.6,,
2000,Maryland,10.2,,
2000,Massachusetts,11.4,,
2000,Michigan,12.1,,
2000,Minnesota,7.8,,
2000,Mississippi,11.9,,
2000,Missouri,8.9,,
2000,Montana,6.6,,
2000,Nebraska,8.7,,
2000,Nevada,16.5,,
2000,New Hampshire,6.6,,
2000,New Jersey,5.7,,
2000,New Mexico,11.1,,
2000,New York,8.8,,
2000,North Carolina,10.2,,
2000,North Dakota,11.1,,
2000,Ohio,6.3,,
2000,Oklahoma,9,,
2000,Oregon,8.8,,
2000,Pennsylvania,9,,
2000,Rhode Island,11.5,,
2000,South Carolina,9.3,,
2000,South Dakota,6.5,,
2000,Tennessee,8.4,,
2000,Texas,10.2,,
2000,Utah,Suppressed,,
2000,Vermont,7.9,,
2000,Virginia,10.1,,
2000,Washington,8.4,,
2000,West Virginia,10.7,,
2000,Wisconsin,13.1,,
2000,Wyoming,6.9,,
2000,Puerto Rico,12.4,,
2001,Alabama,14.1,,
2001,Alaska,Suppressed,,
2001,Arizona,10.5,,
2001,Arkansas,12.3,,
2001,California,8.7,,
2001,Colorado,14.4,,
2001,Connecticut,10.7,,
2001,Delaware,12.4,,
2001,District of Columbia,15.9,,
2001,Florida,11.3,,
2001,Georgia,10.6,,
2001,Hawaii,7.1,,
2001,Idaho,6.8,,
2001,Illinois,7.5,,
2001,Indiana,11.2,,
2001,Iowa,8.3,,
2001,Kansas,11.9,,
2001,Kentucky,9.1,,
2001,Louisiana,10.2,,
2001,Maine,10.8,,
2001,Maryland,9.8,,
2001,Massachusetts,8.7,,
2001,Michigan,11.8,,
2001,Minnesota,6.8,,
2001,Mississippi,14,,
2001,Missouri,9.4,,
2001,Montana,4.2,,
2001,Nebraska,10.1,,
2001,Nevada,Suppressed,,
2001,New Hampshire,7.4,,
2001,New Jersey,10.5,,
2001,New Mexico,9.3,,
2001,New York,12.1,,
2001,North Carolina,8.8,,
2001,North Dakota,Suppressed,,
2001,Ohio,10.9,,
2001,Oklahoma,10.5,,
2001,Oregon,Suppressed,,
2001,Pennsylvania,10.5,,
2001,Rhode Island,8.1,,
2001,South Carolina,12.2,,
2001,South Dakota,9,,
2001,Tennessee,10.7,,
2001,Texas,12,,
2001,Utah,Suppressed,,
2001,Vermont,9.8,,
2001,Virginia,13.2,,
2001,Washington,8.7,,
2001,West Virginia,13.4,,
2001,Wisconsin,7.9,,
2001,Wyoming,8.4,,
2001,Guam,14.3,,
2001,Puerto Rico,12.9,,
2001,Virgin Islands of the U.S.,9.9,,
2002,Alabama,10.5,,
2002,Alaska,Suppressed,,
2002,Arizona,6.1,,
2002,Arkansas,12.4,,
2002,California,12.3,,
2002,Colorado,11.4,,
2002,Connecticut,10.6,,
2002,Delaware,7.8,,
2002,District of Columbia,Suppressed,,
2002,Florida,11.4,,
2002,Georgia,11.4,,
2002,Hawaii,5.2,,
2002,Idaho,9.6,,
2002,Illinois,10.8,,
2002,Indiana,11.2,,
2002,Iowa,10.8,,
2002,Kansas,11.6,,
2002,Kentucky,9.6,,
2002,Louisiana,10.4,,
2002,Maine,8.5,,
2002,Maryland,9.3,,
2002,Massachusetts,8.8,,
2002,Michigan,10.9,,
2002,Minnesota,6.9,,
2002,Mississippi,9,,
2002,Missouri,8.8,,
2002,Montana,10.4,,
2002,Nebraska,7.4,,
2002,Nevada,10.1,,
2002,New Hampshire,9.8,,
2002,New Jersey,8.2,,
2002,New Mexico,11,,
2002,New York,12.5,,
2002,North Carolina,10.4,,
2002,North Dakota,7.9,,
2002,Ohio,13.8,,
2002,Oklahoma,8.8,,
2002,Oregon,13.1,,
2002,Pennsylvania,11.1,,
2002,Rhode Island,10.1,,
2002,South Carolina,12,,
2002,South Dakota,8.5,,
2002,Tennessee,12.9,,
2002,Texas,10.8,,
2002,Utah,10.2,,
2002,Vermont,9.6,,
2002,Virginia,9,,
2002,Washington,10.7,,
2002,West Virginia,14,,
2002,Wisconsin,6.9,,
2002,Wyoming,6.4,,
2002,Guam,Suppressed,,
2002,Puerto Rico,12.1,,
2002,Virgin Islands of the U.S.,14.3,,
2003,Alabama,15.2,,
2003,Alaska,Suppressed,,
2003,Arizona,10.7,,
2003,Arkansas,12.4,,
2003,California,11.5,,
2003,Colorado,7.8,,
2003,Connecticut,7.5,,
2003,Delaware,14.4,,
2003,District of Columbia,12.6,,
2003,Florida,8.9,,
2003,Georgia,11.5,,
2003,Hawaii,14.4,,
2003,Idaho,7,,
2003,Illinois,10.7,,
2003,Indiana,14.4,,
2003,Iowa,7,,
2003,Kansas,6,,
2003,Kentucky,11.2,,
2003,Louisiana,12,,
2003,Maine,9.8,,
2003,Maryland,11.8,,
2003,Massachusetts,12.2,,
2003,Michigan,12.9,,
2003,Minnesota,10,,
2003,Mississippi,15.9,,
2003,Missouri,8.1,,
2003,Montana,6.1,,
2003,Nebraska,7.6,,
2003,Nevada,8.9,,
2003,New Hampshire,7.1,,
2003,New Jersey,10.5,,
2003,New Mexico,10.2,,
2003,New York,10.9,,
2003,North Carolina,10.4,,
2003,North Dakota,6.4,,
2003,Ohio,16.6,,
2003,Oklahoma,9.3,,
2003,Oregon,12.6,,
2003,Pennsylvania,11.4,,
2003,Rhode Island,13.3,,
2003,South Carolina,15.2,,
2003,South Dakota,11.1,,
2003,Tennessee,12.1,,
2003,Texas,11.7,,
2003,Utah,10.9,,
2003,Vermont,11.1,,
2003,Virginia,12.9,,
2003,Washington,11.3,,
2003,West Virginia,12.6,,
2003,Wisconsin,10,,
2003,Wyoming,9.7,,
2003,Guam,13.1,,
2003,Puerto Rico,13.2,,
2003,Virgin Islands of the U.S.,13.7,,
2004,Hawaii,No Data,,
2004,Guam,No Data,,
2004,Alabama,14.5,,
2004,Alaska,2.6,,
2004,Arizona,13.7,,
2004,Arkansas,8.5,,
2004,California,12.9,,
2004,Colorado,6.8,,
2004,Connecticut,12.7,,
2004,Delaware,10.7,,
2004,District of Columbia,14.1,,
2004,Florida,10.7,,
2004,Georgia,13.3,,
2004,Idaho,10.6,,
2004,Illinois,11.7,,
2004,Indiana,13.4,,
2004,Iowa,8.6,,
2004,Kansas,10.6,,
2004,Kentucky,8.9,,
2004,Louisiana,11.8,,
2004,Maine,13.3,,
2004,Maryland,12,,
2004,Massachusetts,13.1,,
2004,Michigan,12.7,,
2004,Minnesota,8.5,,
2004,Mississippi,12.9,,
2004,Missouri,9.2,,
2004,Montana,10,,
2004,Nebraska,9.1,,
2004,Nevada,11.8,,
2004,New Hampshire,8.4,,
2004,New Jersey,10,,
2004,New Mexico,9.3,,
2004,New York,9.8,,
2004,North Carolina,12,,
2004,North Dakota,10,,
2004,Ohio,13.8,,
2004,Oklahoma,10.8,,
2004,Oregon,7.3,,
2004,Pennsylvania,10.5,,
2004,Rhode Island,12.4,,
2004,South Carolina,11.4,,
2004,South Dakota,9.6,,
2004,Tennessee,12.1,,
2004,Texas,12,,
2004,Utah,5.6,,
2004,Vermont,9.4,,
2004,Virginia,8,,
2004,Washington,7,,
2004,West Virginia,14.2,,
2004,Wisconsin,10.2,,
2004,Wyoming,12.1,,
2004,Puerto Rico,13.5,,
2004,Virgin Islands of the U.S.,12.3,,
2005,Guam,No Data,,
2005,Alabama,11.3,29.8,1429
2005,Alaska,4.3,22.4,93
2005,Arizona,11.1,20.4,1208
2005,Arkansas,10.9,27.1,824
2005,California,11.3,23.8,7697
2005,Colorado,9.9,19.3,753
2005,Connecticut,11.9,20,811
2005,Delaware,14,26.4,233
2005,District of Columbia,13.1,,
2005,Florida,11.8,22.7,5193
2005,Georgia,13.4,23.2,1742
2005,Hawaii,13,15.1,218
2005,Idaho,12.1,22.4,299
2005,Illinois,13,24,3034
2005,Indiana,12.2,27,1719
2005,Iowa,9.6,20.1,727
2005,Kansas,11.6,23.8,710
2005,Kentucky,12.4,27.8,1187
2005,Louisiana,12,38.7,1695
2005,Maine,11.2,24.7,385
2005,Maryland,12.1,26,1388
2005,Massachusetts,10.6,17.7,1271
2005,Michigan,11.3,27.3,2842
2005,Minnesota,8.1,23.6,1258
2005,Mississippi,12.4,23.5,677
2005,Missouri,13.9,24.8,1549
2005,Montana,10,26.7,285
2005,Nebraska,8.4,23.3,449
2005,Nevada,9.2,15.3,336
2005,New Hampshire,11,23.4,310
2005,New Jersey,14.6,27.3,2540
2005,New Mexico,10.4,31.4,595
2005,New York,13.5,19.7,4051
2005,North Carolina,12.2,26.2,2261
2005,North Dakota,8.1,26.2,204
2005,Ohio,8.9,30.5,3794
2005,Oklahoma,9.5,32.6,1217
2005,Oregon,10.1,29.2,1149
2005,Pennsylvania,10.2,23.1,3553
2005,Rhode Island,7.1,22.3,282
2005,South Carolina,14.3,27.5,1187
2005,South Dakota,6.8,26.2,241
2005,Tennessee,13.9,,
2005,Texas,11.5,29.7,5605
2005,Utah,11.1,31,541
2005,Vermont,11.1,25.8,173
2005,Virginia,13.7,22.9,1642
2005,Washington,10,25.5,1554
2005,West Virginia,12.2,34.5,766
2005,Wisconsin,9.7,21,1276
2005,Wyoming,11,25.8,130
2005,Puerto Rico,14.6,,
2005,Virgin Islands of the U.S.,10.4,,
2006,Guam,No Data,,
2006,Alabama,11.6,,
2006,Alaska,Suppressed,,
2006,Arizona,13.5,,
2006,Arkansas,10.3,,
2006,California,14.8,,
2006,Colorado,8.5,,
2006,Connecticut,9.7,,
2006,Delaware,10.8,,
2006,District of Columbia,14.1,,
2006,Florida,11.5,,
2006,Georgia,16.4,,
2006,Hawaii,10.6,,
2006,Idaho,8.9,,
2006,Illinois,12.9,,
2006,Indiana,9.6,,
2006,Iowa,8.9,,
2006,Kansas,9.4,,
2006,Kentucky,12.8,,
2006,Louisiana,15,,
2006,Maine,8.6,,
2006,Maryland,12.8,,
2006,Massachusetts,14.2,,
2006,Michigan,10.8,,
2006,Minnesota,5.7,,
2006,Mississippi,13.1,,
2006,Missouri,9.8,,
2006,Montana,8.3,,
2006,Nebraska,9.7,,
2006,Nevada,11.2,,
2006,New Hampshire,13.1,,
2006,New Jersey,12.1,,
2006,New Mexico,10,,
2006,New York,10.7,,
2006,North Carolina,12.7,,
2006,North Dakota,9.5,,
2006,Ohio,10.3,,
2006,Oklahoma,12.7,,
2006,Oregon,7,,
2006,Pennsylvania,11.3,,
2006,Rhode Island,11.2,,
2006,South Carolina,12.7,,
2006,South Dakota,7.5,,
2006,Tennessee,14,,
2006,Texas,15.5,,
2006,Utah,9.6,,
2006,Vermont,11.4,,
2006,Virginia,10.9,,
2006,Washington,11.3,,
2006,West Virginia,14.7,,
2006,Wisconsin,10.7,,
2006,Wyoming,8.2,,
2006,Puerto Rico,15.3,,
2006,Virgin Islands of the U.S.,12.1,,
2007,Alabama,12.5,,
2007,Alaska,Suppressed,,
2007,Arizona,18,,
2007,Arkansas,11,,
2007,California,12.2,,
2007,Colorado,10.4,,
2007,Connecticut,13.1,,
2007,Delaware,13.4,,
2007,District of Columbia,14.5,,
2007,Florida,12.3,,
2007,Georgia,17.9,,
2007,Hawaii,8.7,,
2007,Idaho,11.8,,
2007,Illinois,12.5,,
2007,Indiana,10.5,,
2007,Iowa,8.3,,
2007,Kansas,9.5,,
2007,Kentucky,12.9,,
2007,Louisiana,15.4,,
2007,Maine,10.7,,
2007,Maryland,11.3,,
2007,Massachusetts,14.2,,
2007,Michigan,11.3,,
2007,Minnesota,7.8,,
2007,Mississippi,15.1,,
2007,Missouri,11.1,,
2007,Montana,8.8,,
2007,Nebraska,9.9,,
2007,Nevada,7.2,,
2007,New Hampshire,11.8,,
2007,New Jersey,16.3,,
2007,New Mexico,10.3,,
2007,New York,12.6,,
2007,North Carolina,12.6,,
2007,North Dakota,6.6,,
2007,Ohio,12,,
2007,Oklahoma,13,,
2007,Oregon,11.1,,
2007,Pennsylvania,11.3,,
2007,Rhode Island,13.4,,
2007,South Carolina,12.5,,
2007,South Dakota,10.1,,
2007,Tennessee,12.6,,
2007,Texas,15.7,,
2007,Utah,11.3,,
2007,Vermont,15.9,,
2007,Virginia,13,,
2007,Washington,9.6,,
2007,West Virginia,15.5,,
2007,Wisconsin,12.4,,
2007,Wyoming,7.2,,
2007,Guam,10.8,,
2007,Puerto Rico,13.7,,
2007,Virgin Islands of the U.S.,11.3,,
2008,Alabama,12.8,,
2008,Alaska,Suppressed,,
2008,Arizona,14,,
2008,Arkansas,12.3,,
2008,California,12.8,,
2008,Colorado,7.5,,
2008,Connecticut,13.1,,
2008,Delaware,8.3,,
2008,District of Columbia,14.9,,
2008,Florida,11,,
2008,Georgia,13.1,,
2008,Hawaii,13.3,,
2008,Idaho,8.6,,
2008,Illinois,11.3,,
2008,Indiana,16.3,,
2008,Iowa,9.6,,
2008,Kansas,11.9,,
2008,Kentucky,14.7,,
2008,Louisiana,16.4,,
2008,Maine,10.9,,
2008,Maryland,13.7,,
2008,Massachusetts,10.7,,
2008,Michigan,12.8,,
2008,Minnesota,Suppressed,,
2008,Mississippi,17.6,,
2008,Missouri,12.7,,
2008,Montana,8.1,,
2008,Nebraska,11.1,,
2008,Nevada,7.6,,
2008,New Hampshire,12,,
2008,New Jersey,14.9,,
2008,New Mexico,13.1,,
2008,New York,11.9,,
2008,North Carolina,12.9,,
2008,North Dakota,10.2,,
2008,Ohio,16.4,,
2008,Oklahoma,10.5,,
2008,Oregon,6.7,,
2008,Pennsylvania,10.1,,
2008,Rhode Island,11.9,,
2008,South Carolina,12.9,,
2008,South Dakota,7.5,,
2008,Tennessee,14.7,,
2008,Texas,14.8,,
2008,Utah,6.9,,
2008,Vermont,11.5,,
2008,Virginia,12.1,,
2008,Washington,9.9,,
2008,West Virginia,14.1,,
2008,Wisconsin,12.3,,
2008,Wyoming,14.7,,
2008,Guam,Suppressed,,
2008,Puerto Rico,14.8,,
2008,Virgin Islands of the U.S.,12.8,,
2009,Alabama,14.7,,
2009,Alaska,Suppressed,,
2009,Arizona,11.5,,
2009,Arkansas,14,,
2009,California,14.2,,
2009,Colorado,11.4,,
2009,Connecticut,13.4,,
2009,Delaware,17.7,,
2009,District of Columbia,15.1,,
2009,Florida,17.1,,
2009,Georgia,12.8,,
2009,Hawaii,15.8,,
2009,Idaho,11.2,,
2009,Illinois,13.2,,
2009,Indiana,13.8,,
2009,Iowa,9.6,,
2009,Kansas,13.1,,
2009,Kentucky,17.8,,
2009,Louisiana,15.7,,
2009,Maine,12.3,,
2009,Maryland,11.8,,
2009,Massachusetts,13.5,,
2009,Michigan,11.7,,
2009,Minnesota,9.8,,
2009,Mississippi,15.1,,
2009,Missouri,12.9,,
2009,Montana,8.8,,
2009,Nebraska,10.6,,
2009,Nevada,12.2,,
2009,New Hampshire,10.1,,
2009,New Jersey,12.9,,
2009,New Mexico,11.4,,
2009,New York,14.2,,
2009,North Carolina,13.5,,
2009,North Dakota,5.9,,
2009,Ohio,14.8,,
2009,Oklahoma,12.6,,
2009,Oregon,15.6,,
2009,Pennsylvania,14.6,,
2009,Rhode Island,11.6,,
2009,South Carolina,17.1,,
2009,South Dakota,8.5,,
2009,Tennessee,13.8,,
2009,Texas,12.2,,
2009,Utah,10.8,,
2009,Vermont,10.2,,
2009,Virginia,14.5,,
2009,Washington,11.2,,
2009,West Virginia,16.3,,
2009,Wisconsin,11,,
2009,Wyoming,8.6,,
2009,Guam,14.4,,
2009,Puerto Rico,17,,
2009,Virgin Islands of the U.S.,9.5,,
2010,Alabama,15.2,,
2010,Alaska,Suppressed,,
2010,Arizona,15.2,,
2010,Arkansas,12.1,,
2010,California,13.7,,
2010,Colorado,9.1,,
2010,Connecticut,11.4,,
2010,Delaware,16.9,,
2010,District of Columbia,14.2,,
2010,Florida,13.1,,
2010,Georgia,14.9,,
2010,Hawaii,7.7,,
2010,Idaho,12.6,,
2010,Illinois,17.8,,
2010,Indiana,12.9,,
2010,Iowa,6.8,,
2010,Kansas,12.4,,
2010,Kentucky,12.8,,
2010,Louisiana,14.5,,
2010,Maine,11.3,,
2010,Maryland,15.7,,
2010,Massachusetts,13.9,,
2010,Michigan,9.9,,
2010,Minnesota,Suppressed,,
2010,Mississippi,15.8,,
2010,Missouri,12.1,,
2010,Montana,8.4,,
2010,Nebraska,12.2,,
2010,Nevada,11.7,,
2010,New Hampshire,9.2,,
2010,New Jersey,13.5,,
2010,New Mexico,13.1,,
2010,New York,13.3,,
2010,North Carolina,15.5,,
2010,North Dakota,8.2,,
2010,Ohio,15.8,,
2010,Oklahoma,12.3,,
2010,Oregon,8.8,,
2010,Pennsylvania,14.2,,
2010,Rhode Island,12,,
2010,South Carolina,14.7,,
2010,South Dakota,11,,
2010,Tennessee,16.4,,
2010,Texas,15,,
2010,Utah,12.5,,
2010,Vermont,13.9,,
2010,Virginia,11.7,,
2010,Washington,11.1,,
2010,West Virginia,13.7,,
2010,Wisconsin,11.9,,
2010,Wyoming,10.3,,
2010,Guam,14.2,,
2010,Puerto Rico,16.1,,
2010,Virgin Islands of the U.S.,14.4,,
2011,Virgin Islands of the U.S.,No Data,,
2011,Alabama,13.9,,
2011,Alaska,12.8,,
2011,Arizona,12.8,,
2011,Arkansas,11.9,,
2011,California,13,,
2011,Colorado,12.3,,
2011,Connecticut,14.1,,
2011,Delaware,13.7,,
2011,District of Columbia,15.7,,
2011,Florida,13.1,,
2011,Georgia,14.9,,
2011,Hawaii,9.3,,
2011,Idaho,13.7,,
2011,Illinois,18,,
2011,Indiana,13.3,,
2011,Iowa,8.9,,
2011,Kansas,12.3,,
2011,Kentucky,13.7,,
2011,Louisiana,13.6,,
2011,Maine,11.3,,
2011,Maryland,11.3,,
2011,Massachusetts,12.3,,
2011,Michigan,10.1,,
2011,Minnesota,10.6,,
2011,Mississippi,15.4,,
2011,Missouri,14.4,,
2011,Montana,9,,
2011,Nebraska,11.6,,
2011,Nevada,12.9,,
2011,New Hampshire,10,,
2011,New Jersey,12.8,,
2011,New Mexico,14,,
2011,New York,15.1,,
2011,North Carolina,15.3,,
2011,North Dakota,8.1,,
2011,Ohio,11.5,,
2011,Oklahoma,14.2,,
2011,Oregon,12.3,,
2011,Pennsylvania,12.1,,
2011,Rhode Island,11.9,,
2011,South Carolina,15.1,,
2011,South Dakota,12.5,,
2011,Tennessee,15.2,,
2011,Texas,14.9,,
2011,Utah,10.5,,
2011,Vermont,9.8,,
2011,Virginia,14.8,,
2011,Washington,10.8,,
2011,West Virginia,13.3,,
2011,Wisconsin,11.1,,
2011,Wyoming,9.2,,
2011,Guam,12.5,,
2011,Puerto Rico,16.1,,
2012,Virgin Islands of the U.S.,No Data,,
2012,Alabama,12.8,,
2012,Alaska,8.4,,
2012,Arizona,15,,
2012,Arkansas,11.1,,
2012,California,15.3,,
2012,Colorado,13.9,,
2012,Connecticut,15.4,,
2012,Delaware,12.3,,
2012,District of Columbia,15.7,,
2012,Florida,15.2,,
2012,Georgia,12.8,,
2012,Hawaii,11.1,,
2012,Idaho,12.9,,
2012,Illinois,14.5,,
2012,Indiana,16.1,,
2012,Iowa,15,,
2012,Kansas,11.7,,
2012,Kentucky,11.8,,
2012,Louisiana,15.7,,
2012,Maine,13.3,,
2012,Maryland,13.7,,
2012,Massachusetts,11.7,,
2012,Michigan,13.2,,
2012,Minnesota,12.6,,
2012,Mississippi,15.6,,
2012,Missouri,14,,
2012,Montana,7.4,,
2012,Nebraska,7.6,,
2012,Nevada,10,,
2012,New Hampshire,13.7,,
2012,New Jersey,11.5,,
2012,New Mexico,15.1,,
2012,New York,15.5,,
2012,North Carolina,14.2,,
2012,North Dakota,12.1,,
2012,Ohio,14.9,,
2012,Oklahoma,13.6,,
2012,Oregon,16.1,,
2012,Pennsylvania,14,,
2012,Rhode Island,12.3,,
2012,South Carolina,14.6,,
2012,South Dakota,10.2,,
2012,Tennessee,14,,
2012,Texas,15.1,,
2012,Utah,12.7,,
2012,Vermont,9.9,,
2012,Virginia,14.6,,
2012,Washington,12,,
2012,West Virginia,13.5,,
2012,Wisconsin,13.2,,
2012,Wyoming,15.1,,
2012,Guam,11.7,,
2012,Puerto Rico,18.8,,
2013,Virgin Islands of the U.S.,No Data,,
2013,Alabama,18.4,,
2013,Alaska,Suppressed,,
2013,Arizona,16,,
2013,Arkansas,15,,
2013,California,16.4,,
2013,Colorado,10.6,,
2013,Connecticut,11.1,,
2013,Delaware,16.3,,
2013,District of Columbia,11.8,,
2013,Florida,14.6,,
2013,Georgia,13.9,,
2013,Hawaii,12.5,,
2013,Idaho,12.4,,
2013,Illinois,10.9,,
2013,Indiana,12.5,,
2013,Iowa,12.9,,
2013,Kansas,12.2,,
2013,Kentucky,11.1,,
2013,Louisiana,18.5,,
2013,Maine,12.4,,
2013,Maryland,14.3,,
2013,Massachusetts,14.4,,
2013,Michigan,12.4,,
2013,Minnesota,11.5,,
2013,Mississippi,15.6,,
2013,Missouri,9.4,,
2013,Montana,8.9,,
2013,Nebraska,13.5,,
2013,Nevada,12.5,,
2013,New Hampshire,10,,
2013,New Jersey,10.8,,
2013,New Mexico,15.8,,
2013,New York,17,,
2013,North Carolina,15.2,,
2013,North Dakota,9.7,,
2013,Ohio,12.8,,
2013,Oklahoma,15.2,,
2013,Oregon,11.2,,
2013,Pennsylvania,13.3,,
2013,Rhode Island,11.3,,
2013,South Carolina,14.4,,
2013,South Dakota,12.7,,
2013,Tennessee,19.6,,
2013,Texas,15.9,,
2013,Utah,9.7,,
2013,Vermont,12.4,,
2013,Virginia,12.3,,
2013,Washington,11.3,,
2013,West Virginia,14.4,,
2013,Wisconsin,8.7,,
2013,Wyoming,11.7,,
2013,Guam,21.1,,
2013,Puerto Rico,17.5,,
2014,Virgin Islands of the U.S.,No Data,,
2014,Alabama,14.9,22.8,1281
2014,Alaska,9.2,19.4,113
2014,Arizona,14,24.3,1936
2014,Arkansas,14.6,24,828
2014,California,15.3,20.4,8249
2014,Colorado,13.9,15.5,835
2014,Connecticut,15.3,14.9,685
2014,Delaware,12.4,19.8,226
2014,District of Columbia,18.1,,
2014,Florida,14.5,19.2,5371
2014,Georgia,14.6,22.3,2230
2014,Hawaii,12.3,15.4,276
2014,Idaho,10.2,22.9,409
2014,Illinois,15,18.7,2712
2014,Indiana,14.3,24.4,1819
2014,Iowa,12.2,25.6,1019
2014,Kansas,14.3,19.2,643
2014,Kentucky,16.3,23.4,1175
2014,Louisiana,13.6,24.8,1238
2014,Maine,10.4,22.4,414
2014,Maryland,12.2,19.8,1305
2014,Massachusetts,16.8,14.5,1202
2014,Michigan,12.8,23.7,2844
2014,Minnesota,12.7,18.7,1193
2014,Mississippi,17.2,30.4,1015
2014,Missouri,12.3,19.4,1423
2014,Montana,13,19.2,250
2014,Nebraska,13.4,21.5,473
2014,Nevada,10.1,11.4,350
2014,New Hampshire,11.1,18,300
2014,New Jersey,12.4,19.3,2062
2014,New Mexico,15.3,27.5,671
2014,New York,14.2,17.4,4064
2014,North Carolina,16.5,23.7,2687
2014,North Dakota,9.7,19.9,176
2014,Ohio,13.2,25.7,3641
2014,Oklahoma,13.7,29.1,1261
2014,Oregon,13.7,22.4,1083
2014,Pennsylvania,16.1,22,3765
2014,Rhode Island,10.9,18.3,252
2014,South Carolina,13.2,21.8,1239
2014,South Dakota,10.5,21.3,224
2014,Tennessee,16.3,,
2014,Texas,15.9,21.3,5348
2014,Utah,12.1,24.3,570
2014,Vermont,11,18.7,154
2014,Virginia,13.6,18.5,1683
2014,Washington,12,21.2,1668
2014,West Virginia,17.1,33.3,818
2014,Wisconsin,14.3,19.1,1352
2014,Wyoming,12.9,17.6,110
2014,Guam,11.3,,
2014,Puerto Rico,16.9,,
2015,Virgin Islands of the U.S.,No Data,,
2015,Alabama,18.5,21.7,1255
2015,Alaska,15.8,23.9,142
2015,Arizona,14.1,25.3,2081
2015,Arkansas,13.9,24.7,886
2015,California,15.6,21.2,8845
2015,Colorado,11.8,15.9,887
2015,Connecticut,16.3,13.9,653
2015,Delaware,16.4,18.1,215
2015,District of Columbia,18.7,,
2015,Florida,12.2,18.6,5403
2015,Georgia,13,21.4,2210
2015,Hawaii,8.9,14.5,263
2015,Idaho,9.7,22.1,403
2015,Illinois,10.9,19.2,2817
2015,Indiana,14.7,26.9,2030
2015,Iowa,13,26.7,1077
2015,Kansas,12.5,20.2,684
2015,Kentucky,18,28.2,1458
2015,Louisiana,17,23.5,1199
2015,Maine,11.2,21.9,407
2015,Maryland,12.7,18.3,1243
2015,Massachusetts,12.5,16.7,1398
2015,Michigan,13.5,22.5,2751
2015,Minnesota,10,18.6,1221
2015,Mississippi,18.5,32.4,1092
2015,Missouri,13.9,19.7,1468
2015,Montana,13.3,24.5,321
2015,Nebraska,11.3,24.8,553
2015,Nevada,9.7,13.4,420
2015,New Hampshire,11.9,17.9,308
2015,New Jersey,13.1,17.9,1933
2015,New Mexico,17.4,24.9,608
2015,New York,15.6,17.1,4045
2015,North Carolina,13,23.6,2746
2015,North Dakota,16.7,22.6,195
2015,Ohio,11.2,25.3,3645
2015,Oklahoma,16.4,32.4,1442
2015,Oregon,15.2,22.9,1148
2015,Pennsylvania,12.9,22.1,3777
2015,Rhode Island,13.1,20.2,276
2015,South Carolina,16.4,23.4,1347
2015,South Dakota,12.1,26.3,282
2015,Tennessee,15.4,,
2015,Texas,16.2,21.2,5521
2015,Utah,11,24.6,604
2015,Vermont,11.9,19.8,159
2015,Virginia,14.9,21.9,2044
2015,Washington,13.1,22.4,1811
2015,West Virginia,16.8,,
2015,Wisconsin,12.5,19.4,1382
2015,Wyoming,10.6,20.8,136
2015,Guam,23.4,,
2015,Puerto Rico,15.9,,
2016,Alabama,18.7,20.1,1183
2016,Alaska,Suppressed,19.3,124
2016,Arizona,14.5,23.9,2025
2016,Arkansas,15.5,25.4,920
2016,California,15.2,21.4,9124
2016,Colorado,9.5,16.2,938
2016,Connecticut,16.2,14.9,699
2016,Delaware,14.9,17,203
2016,District of Columbia,15.6,,
2016,Florida,15,19.5,5782
2016,Georgia,16.5,21.2,2238
2016,Hawaii,14.7,15.1,285
2016,Idaho,12.7,19.8,375
2016,Illinois,17,18.7,2781
2016,Indiana,14.9,26,1992
2016,Iowa,9.7,20.9,847
2016,Kansas,10.5,21.2,727
2016,Kentucky,14.9,28.4,1479
2016,Louisiana,15.7,25.5,1324
2016,Maine,12.7,23.9,463
2016,Maryland,15.7,19.6,1358
2016,Massachusetts,14.8,14.9,1268
2016,Michigan,14.1,21.5,2672
2016,Minnesota,13,19.2,1265
2016,Mississippi,17.2,31.9,1084
2016,Missouri,14.7,20.1,1508
2016,Montana,9.6,23.6,311
2016,Nebraska,11.6,21.9,501
2016,Nevada,13,17.9,580
2016,New Hampshire,12.4,17.9,316
2016,New Jersey,13.5,17.8,1949
2016,New Mexico,17.2,27.2,678
2016,New York,16.2,16.9,4038
2016,North Carolina,14.7,23.5,2811
2016,North Dakota,10.9,19.4,171
2016,Ohio,15,24.6,3568
2016,Oklahoma,17.2,30.8,1393
2016,Oregon,14.1,24,1240
2016,Pennsylvania,16.3,20.3,3560
2016,Rhode Island,12.4,16.9,239
2016,South Carolina,15,22.3,1369
2016,South Dakota,9.3,23.7,253
2016,Tennessee,14.3,,
2016,Texas,15.6,20.3,5470
2016,Utah,9.7,24.6,624
2016,Vermont,10.9,20.5,166
2016,Virginia,14.1,21.7,2062
2016,Washington,12.1,20.3,1673
2016,West Virginia,17.5,34.8,860
2016,Wisconsin,12.5,19.9,1440
2016,Wyoming,11.6,16.6,112
2016,Guam,13,,
2016,Puerto Rico,16.4,,
2016,Virgin Islands of the U.S.,15.4,,
2017,Virgin Islands of the U.S.,No Data,,
2017,Alabama,16.9,19.8,1173
2017,Alaska,Suppressed,19.3,130
2017,Arizona,13.5,23.7,2054
2017,Arkansas,14.5,32.4,1180
2017,California,16.3,22.1,9595
2017,Colorado,13.7,17.2,1017
2017,Connecticut,16.2,14.5,694
2017,Delaware,15.8,19.1,244
2017,District of Columbia,16.7,,
2017,Florida,13.5,20.2,6172
2017,Georgia,14.4,21.5,2348
2017,Hawaii,15,15.9,299
2017,Idaho,13.7,20.3,394
2017,Illinois,17,19.2,2927
2017,Indiana,15.2,26.6,2096
2017,Iowa,12.4,22.8,918
2017,Kansas,13.5,25.2,874
2017,Kentucky,15,27.7,1474
2017,Louisiana,16.5,23.9,1272
2017,Maine,11.4,19.7,395
2017,Maryland,12,20.3,1439
2017,Massachusetts,17.7,15.1,1321
2017,Michigan,15.7,22.1,2798
2017,Minnesota,11.6,19.3,1312
2017,Mississippi,17.6,33.3,1164
2017,Missouri,12.5,21,1605
2017,Montana,8.9,21.6,292
2017,Nebraska,14.5,25,575
2017,Nevada,11.6,18.3,609
2017,New Hampshire,9.4,19.2,340
2017,New Jersey,17.3,16.9,1908
2017,New Mexico,11.9,26.5,673
2017,New York,15.6,16.8,4176
2017,North Carolina,14.1,23.6,2903
2017,North Dakota,13.7,21.8,194
2017,Ohio,12.9,25.2,3740
2017,Oklahoma,14.2,30.6,1398
2017,Oregon,11.8,23.9,1243
2017,Pennsylvania,10.6,21,3704
2017,Rhode Island,10.1,,
2017,South Carolina,17,24.5,1535
2017,South Dakota,18.7,24.9,263
2017,Tennessee,20.2,,
2017,Texas,17.9,21.2,5832
2017,Utah,11.1,22.9,596
2017,Vermont,11.6,19.2,163
2017,Virginia,14.4,20.1,1967
2017,Washington,13.6,21.6,1812
2017,West Virginia,17.2,,
2017,Wisconsin,14.9,19.4,1433
2017,Wyoming,11,18.1,121
2017,Guam,22.7,,
2017,Puerto Rico,16.3,,
2018,Virgin Islands of the U.S.,No Data,,
2018,Alabama,18.3,19.4,1176
2018,Alaska,9.1,17.7,122
2018,Arizona,15.3,22.4,2046
2018,Arkansas,16.8,32.3,1194
2018,California,15.4,21.4,9506
2018,Colorado,12.2,16.1,974
2018,Connecticut,16.4,14.6,708
2018,Delaware,13.5,18.8,238
2018,District of Columbia,15.2,,
2018,Florida,15.1,19.8,6204
2018,Georgia,16.1,22.1,2471
2018,Hawaii,14.6,16.1,316
2018,Idaho,15.8,20.3,408
2018,Illinois,12.8,18.6,2878
2018,Indiana,16.8,26,2093
2018,Iowa,11.9,21.9,898
2018,Kansas,15,22.6,803
2018,Kentucky,18,27.9,1506
2018,Louisiana,14.7,26.9,1457
2018,Maine,14.6,23.4,478
2018,Maryland,17.7,19.6,1419
2018,Massachusetts,11.3,15.8,1391
2018,Michigan,17.3,21.9,2824
2018,Minnesota,12.5,18.8,1308
2018,Mississippi,18.4,30.6,1074
2018,Missouri,10.3,20.8,1606
2018,Montana,10.9,19.1,267
2018,Nebraska,10.6,26,596
2018,Nevada,12.9,19.2,674
2018,New Hampshire,15,17.3,319
2018,New Jersey,16,16.6,1880
2018,New Mexico,16.1,26.1,685
2018,New York,14.7,18.2,4519
2018,North Carolina,15.6,23.9,3013
2018,North Dakota,10.6,24.1,214
2018,Ohio,13.7,25.4,3845
2018,Oklahoma,16.2,29,1340
2018,Oregon,15.7,22.9,1224
2018,Pennsylvania,16,20.2,3603
2018,Rhode Island,19.2,17.2,249
2018,South Carolina,16.5,24.8,1580
2018,South Dakota,7.3,23.3,252
2018,Tennessee,17.4,24.5,2023
2018,Texas,20.2,21.1,5991
2018,Utah,15.3,23.5,629
2018,Vermont,14.2,18.2,156
2018,Virginia,12.5,22.9,2286
2018,Washington,13.9,20.4,1779
2018,West Virginia,19.3,,
2018,Wisconsin,13.8,20.2,1508
2018,Wyoming,11.9,21.4,145
2018,Guam,21.4,,
2018,Puerto Rico,15.6,,
2019,New Jersey,No Data,16.7,1934
2019,Virgin Islands of the U.S.,No Data,,
2019,Alabama,15.8,19.8,1224
2019,Alaska,6.9,16.2,111
2019,Arizona,15.5,23.4,2173
2019,Arkansas,14.7,29.8,1144
2019,California,15.5,21.8,9854
2019,Colorado,11.6,16.4,1046
2019,Connecticut,16.1,15.6,761
2019,Delaware,17.8,20.5,267
2019,District of Columbia,16.8,,
2019,Florida,16.3,19.3,6174
2019,Georgia,15.1,20.5,2375
2019,Hawaii,9.9,15.8,311
2019,Idaho,15.2,20.2,422
2019,Illinois,15.4,18.1,2825
2019,Indiana,14.8,25,2045
2019,Iowa,12.6,20.2,861
2019,Kansas,14,24.4,884
2019,Kentucky,18.1,29.1,1611
2019,Louisiana,15.9,26.5,1458
2019,Maine,16.3,23.6,477
2019,Maryland,13.9,20.5,1514
2019,Massachusetts,13.8,15.3,1383
2019,Michigan,11.5,22.2,2916
2019,Minnesota,9.9,19.8,1404
2019,Mississippi,20.1,32.5,1159
2019,Missouri,12.8,20.9,1658
2019,Montana,7.5,20,282
2019,Nebraska,10.6,23,540
2019,Nevada,19.2,23.1,836
2019,New Hampshire,11.8,19.3,363
2019,New Mexico,16.3,25.4,673
2019,New York,16.2,18,4564
2019,North Carolina,15.5,24.1,3124
2019,North Dakota,12.8,20,183
2019,Ohio,13.4,25.4,3873
2019,Oklahoma,16.9,28,1306
2019,Oregon,12,22.9,1266
2019,Pennsylvania,11.6,20.4,3654
2019,Rhode Island,16.8,18.3,265
2019,South Carolina,15.3,24.4,1610
2019,South Dakota,18.9,26.8,287
2019,Tennessee,17.3,25.9,2161
2019,Texas,19.3,23.6,6889
2019,Utah,9.3,25,692
2019,Vermont,16.7,15.5,136
2019,Virginia,12.6,22.8,2350
2019,Washington,13.6,20.5,1842
2019,West Virginia,18.6,36.2,952
2019,Wisconsin,7.6,20.2,1548
2019,Wyoming,8,18.5,132
2019,Guam,12.7,,
2019,Puerto Rico,17.3,,
2020,Virgin Islands of the U.S.,No Data,,
2020,Alabama,15.7,23.6,1450
2020,Alaska,Suppressed,24.8,174
2020,Arizona,15.4,26.5,2566
2020,Arkansas,13.8,33.8,1306
2020,California,15.5,25.4,11642
2020,Colorado,15.1,18,1168
2020,Connecticut,12.7,17.5,861
2020,Delaware,14,23.8,326
2020,District of Columbia,18.4,,
2020,Florida,17.5,22.8,7528
2020,Georgia,13.9,23.9,2833
2020,Hawaii,17.3,17,339
2020,Idaho,12.6,22.7,488
2020,Illinois,15.8,22.2,3485
2020,Indiana,13.2,29.6,2446
2020,Iowa,12.3,24.7,1047
2020,Kansas,14.2,28.5,1041
2020,Kentucky,15.5,27.7,1549
2020,Louisiana,14.8,33.1,1843
2020,Maine,12.5,23.9,501
2020,Maryland,12.9,23.9,1784
2020,Massachusetts,16.9,17.2,1557
2020,Michigan,18.5,26,3399
2020,Minnesota,10.7,21,1493
2020,Mississippi,20,41,1460
2020,Missouri,12.9,23.1,1844
2020,Montana,10.1,23.5,342
2020,Nebraska,13.5,26.2,624
2020,Nevada,13.6,24.2,904
2020,New Hampshire,13.2,19.2,364
2020,New Jersey,13.4,21.2,2443
2020,New Mexico,15.4,29.3,793
2020,New York,17.2,21.2,5410
2020,North Carolina,15.9,26.9,3554
2020,North Dakota,15,24.3,225
2020,Ohio,16,28.3,4382
2020,Oklahoma,16.3,32.8,1552
2020,Oregon,11,24.5,1364
2020,Pennsylvania,13.3,23.6,4250
2020,Rhode Island,17,23.2,331
2020,South Carolina,18,28.5,1943
2020,South Dakota,6.8,29.2,329
2020,Tennessee,16.2,30.1,2590
2020,Texas,17.8,26.7,7990
2020,Utah,12.6,27.3,778
2020,Vermont,14.1,17.5,153
2020,Virginia,12,24.7,2585
2020,Washington,12.6,22.7,2072
2020,West Virginia,15.6,,
2020,Wisconsin,12.9,22,1684
2020,Wyoming,13.6,20.7,148
2020,Guam,20.2,,
2020,Puerto Rico,16,,
2021,Florida,No Data,24.8,8039
2021,Alabama,20.1,26.3,1652
2021,Alaska,11.9,27,184
2021,Arizona,15.8,27.3,2559
2021,Arkansas,11.3,39.3,1466
2021,California,18.6,25.5,11440
2021,Colorado,10.4,19,1204
2021,Connecticut,16,15.9,770
2021,Delaware,16,23.9,334
2021,District of Columbia,10.9,,
2021,Georgia,15.1,25.1,2943
2021,Hawaii,10.6,17.7,355
2021,Idaho,10.8,24.4,541
2021,Illinois,11.1,21.8,3387
2021,Indiana,16.6,31.3,2539
2021,Iowa,12.6,25,1025
2021,Kansas,14.8,25.6,917
2021,Kentucky,17.1,32.5,1765
2021,Louisiana,12.1,35.7,1943
2021,Maine,14,27,555
2021,Maryland,13.1,23.2,1734
2021,Massachusetts,15.5,17.3,1537
2021,Michigan,15.8,26.7,3440
2021,Minnesota,11.6,22.6,1575
2021,Mississippi,19.7,42.1,1485
2021,Missouri,15,24,1876
2021,Montana,10.1,21.6,314
2021,Nebraska,13.9,24.6,583
2021,Nevada,14,23.5,869
2021,New Hampshire,15.8,20.8,393
2021,New Jersey,15.9,17.6,2073
2021,New Mexico,17.8,31,817
2021,New York,15.9,18.8,4841
2021,North Carolina,14.4,30.4,3931
2021,North Dakota,14.4,25.2,228
2021,Ohio,14.6,29.5,4461
2021,Oklahoma,14.2,35.1,1619
2021,Oregon,14.1,25.9,1434
2021,Pennsylvania,12.7,23.5,4176
2021,Rhode Island,13.9,19.5,289
2021,South Carolina,17.1,26.3,1753
2021,South Dakota,Suppressed,28.9,306
2021,Tennessee,16.2,31.4,2681
2021,Texas,15.9,27.5,8136
2021,Utah,10.7,29.2,837
2021,Vermont,13,17.9,158
2021,Virginia,18,25.8,2667
2021,Washington,12.4,24.8,2237
2021,West Virginia,19,,
2021,Wisconsin,10.8,22.6,1686
2021,Wyoming,8.9,23.9,172
2021,Guam,Suppressed,,
2021,Puerto Rico,17,,
2021,Virgin Islands of the U.S.,Suppressed,,
US Diabetes Surveillance System; www.cdc.gov/diabetes/data; Division of Diabetes Translation - Centers for Disease Control and Prevention.,,,,
