Year,State,Rate,Deaths,Percentage,Lower Limit, Upper Limit,Diagnosed Diabetes (Percentage) ,Obesity (Percentage) ,Newly Diagnosed Diabetes (Rate per 1000),Newly Diagnosed Physical Inactivity (Percentage) ,18-44 percentage,45-64 percentage,65-74 percentage,75+ percentage
2000,Alabama,,,9.7,7.2,13,,,,,2.3,11.4,15.4,15.5
2000,Alaska,,,Suppressed,Suppressed,Suppressed,,,,,1.1,8.3,,
2000,Arizona,,,Suppressed,Suppressed,Suppressed,,,,,1.4,10.7,13.4,
2000,Arkansas,,,8.5,5.8,12.3,,,,,2.2,8.7,12.7,12.5
2000,California,,,13.3,9.3,18.7,,,,,2.9,9.3,15.9,16.6
2000,Colorado,,,Suppressed,Suppressed,Suppressed,,,,,0.9,6.9,18.9,12.3
2000,Connecticut,,,11.9,9,15.7,,,,,1.5,7.2,15.6,10.5
2000,Delaware,,,17.8,11.3,26.8,,,,,2.2,8.7,15.4,14.9
2000,District of Columbia,,,12.1,8.5,16.9,,,,,1.7,9.2,24.4,19.7
2000,Florida,,,11.7,9.2,14.9,,,,,1.7,9.7,14.0,13.9
2000,Georgia,,,10.9,8.5,14,,,,,2.0,10.6,19.0,14.9
2000,Guam,,,No Data,No Data,No Data,,,,,,,,
2000,Hawaii,,,4.8,3,7.7,,,,,1.4,7.6,14.3,10.4
2000,Idaho,,,8,5.7,11.1,,,,,1.4,6.9,12.8,9.7
2000,Illinois,,,11,7.9,15,,,,,1.4,8.8,15.8,16.8
2000,Indiana,,,10.2,7.3,14.1,,,,,1.2,9.2,14.8,16.0
2000,Iowa,,,7.2,4.6,11.3,,,,,2.0,6.5,18.1,12.8
2000,Kansas,,,8.9,6.2,12.7,,,,,1.6,8.2,17.2,9.9
2000,Kentucky,,,8.4,6.9,10.1,,,,,1.6,10.3,14.9,12.7
2000,Louisiana,,,10.4,8.2,13.1,,,,,2.3,10.3,14.6,14.7
2000,Maine,,,10.6,6.8,16.2,,,,,1.6,8.8,12.9,13.4
2000,Maryland,,,10.2,7.5,13.7,,,,,2.7,9.8,14.5,11.0
2000,Massachusetts,,,11.4,9.2,13.9,,,,,1.3,8.6,14.3,14.0
2000,Median of States,,,,,,,,,,1.8,8.8,14.6,12.7
2000,Michigan,,,12.1,8.6,16.6,,,,,2.2,11.0,14.5,15.4
2000,Minnesota,,,7.8,4.2,13.9,,,,,0.8,7.0,16.2,10.8
2000,Mississippi,,,11.9,8.8,15.8,,,,,3.1,9.4,18.9,17.8
2000,Missouri,,,8.9,6.3,12.3,,,,,1.8,9.0,14.6,17.1
2000,Montana,,,6.6,4,10.9,,,,,1.0,5.4,15.6,11.6
2000,Nebraska,,,8.7,5.2,14.1,,,,,1.3,7.7,11.0,10.5
2000,Nevada,,,16.5,11.1,23.8,,,,,1.7,8.8,19.8,
2000,New Hampshire,,,6.6,3.8,11.4,,,,,0.9,7.2,9.7,13.7
2000,New Jersey,,,5.7,4,8.1,,,,,1.6,8.8,13.1,11.4
2000,New Mexico,,,11.1,8.4,14.4,,,,,2.1,9.8,16.6,12.9
2000,New York,,,8.8,5.5,13.8,,,,,2.1,8.4,14.5,15.8
2000,North Carolina,,,10.2,7.9,13.2,,,,,1.9,9.1,13.6,18.8
2000,North Dakota,,,11.1,6.1,19.4,,,,,1.5,6.6,15.7,10.1
2000,Ohio,,,6.3,4.1,9.7,,,,,2.0,8.7,14.1,14.7
2000,Oklahoma,,,9,6.5,12.3,,,,,2.5,7.3,9.8,12.0
2000,Oregon,,,8.8,5.9,12.9,,,,,2.3,9.5,10.9,9.4
2000,Pennsylvania,,,9,6.4,12.6,,,,,1.9,9.1,18.3,14.5
2000,Puerto Rico,,,12.4,10.5,14.7,,,,,2.4,13.1,25.8,21.9
2000,Rhode Island,,,11.5,8.4,15.5,,,,,1.9,8.8,13.2,12.2
2000,South Carolina,,,9.3,6.8,12.5,,,,,1.9,11.8,15.5,15.5
2000,South Dakota,,,6.5,4.1,10,,,,,2.0,7.6,12.9,11.7
2000,Tennessee,,,8.4,6.4,11,,,,,2.2,12.2,15.0,10.0
2000,Texas,,,10.2,8.1,12.7,,,,,1.9,11.6,12.9,10.2
2000,United States,,,,,,,,,,1.9,8.3,15.8,13.2
2000,Utah,,,Suppressed,Suppressed,Suppressed,,,,,1.6,8.2,16.7,11.4
2000,Vermont,,,7.9,5.4,11.4,,,,,1.2,6.2,12.8,9.9
2000,Virgin Islands of the U.S.,,,No Data,No Data,No Data,,,,,,,,
2000,Virginia,,,10.1,6.9,14.7,,,,,1.8,9.8,16.5,11.3
2000,Washington,,,8.4,5,13.7,,,,,2.4,7.2,11.9,12.7
2000,West Virginia,,,10.7,8,14.2,,,,,1.9,13.0,13.8,10.9
2000,Wisconsin,,,13.1,9.2,18.4,,,,,1.6,9.5,13.9,12.7
2000,Wyoming,,,6.9,3.7,12.3,,,,,1.8,6.9,10.9,12.0
2001,Alabama,,,14.1,10.9,18,,,,,3.2,13.3,20.7,23.8
2001,Alaska,,,Suppressed,Suppressed,Suppressed,,,,,1.0,6.8,16.2,
2001,Arizona,,,10.5,7.5,14.5,,,,,2.1,8.7,11.3,16.7
2001,Arkansas,,,12.3,9.3,16.1,,,,,2.7,11.2,16.2,13.1
2001,California,,,8.7,6,12.3,,,,,2.0,11.2,13.9,12.3
2001,Colorado,,,14.4,9,22.2,,,,,1.3,6.3,10.8,17.9
2001,Connecticut,,,10.7,8.3,13.7,,,,,2.0,8.5,15.3,13.1
2001,Delaware,,,12.4,8.6,17.4,,,,,2.9,9.9,15.1,13.4
2001,District of Columbia,,,15.9,10.5,23.3,,,,,2.5,11.4,25.9,18.3
2001,Florida,,,11.3,8.3,15.1,,,,,2.6,10.7,17.3,13.0
2001,Georgia,,,10.6,8.4,13.4,,,,,2.0,11.2,18.7,11.6
2001,Guam,,,14.3,8.4,23.1,,,,,3.2,15.9,,
2001,Hawaii,,,7.1,4.6,10.8,,,,,2.1,7.9,17.6,12.1
2001,Idaho,,,6.8,4.6,10.1,,,,,2.0,7.0,11.6,14.3
2001,Illinois,,,7.5,5.3,10.6,,,,,1.4,10.0,16.3,16.5
2001,Indiana,,,11.2,8.3,14.9,,,,,2.4,9.4,14.3,12.3
2001,Iowa,,,8.3,5.7,12,,,,,1.9,6.3,13.2,14.8
2001,Kansas,,,11.9,8.3,16.8,,,,,1.8,7.5,15.2,12.8
2001,Kentucky,,,9.1,7.5,10.9,,,,,2.6,9.9,12.9,12.6
2001,Louisiana,,,10.2,8.1,12.7,,,,,2.6,11.4,20.1,12.9
2001,Maine,,,10.8,7,16.3,,,,,1.8,9.1,16.8,15.0
2001,Maryland,,,9.8,6.8,14.1,,,,,2.2,10.4,13.6,18.7
2001,Massachusetts,,,8.7,6.7,11.2,,,,,1.5,7.1,17.1,11.9
2001,Median of States,,,,,,,,,,2.0,9.6,15.4,14.1
2001,Michigan,,,11.8,8.8,15.7,,,,,2.4,10.5,17.0,15.0
2001,Minnesota,,,6.8,4.2,10.8,,,,,1.3,5.2,12.3,11.9
2001,Mississippi,,,14,11.3,17.3,,,,,3.9,13.2,20.6,16.7
2001,Missouri,,,9.4,7,12.6,,,,,1.9,10.4,14.2,10.0
2001,Montana,,,4.2,2.8,6.4,,,,,1.8,7.0,14.2,11.5
2001,Nebraska,,,10.1,6.8,14.9,,,,,0.9,8.4,11.0,12.8
2001,Nevada,,,Suppressed,Suppressed,Suppressed,,,,,1.6,8.3,16.1,7.9
2001,New Hampshire,,,7.4,5.1,10.8,,,,,1.4,7.1,15.4,14.2
2001,New Jersey,,,10.5,8,13.8,,,,,2.6,10.0,17.7,11.7
2001,New Mexico,,,9.3,7.1,12,,,,,1.6,10.3,14.8,11.9
2001,New York,,,12.1,9,16.1,,,,,2.0,10.0,13.4,14.4
2001,North Carolina,,,8.8,6.7,11.4,,,,,1.5,10.8,15.7,14.1
2001,North Dakota,,,Suppressed,Suppressed,Suppressed,,,,,1.4,7.8,8.6,14.1
2001,Ohio,,,10.9,7.6,15.2,,,,,2.2,11.0,15.3,14.3
2001,Oklahoma,,,10.5,8.1,13.6,,,,,2.4,9.9,20.5,16.7
2001,Oregon,,,Suppressed,Suppressed,Suppressed,,,,,1.8,6.5,16.3,12.8
2001,Pennsylvania,,,10.5,7.7,14.1,,,,,1.5,9.0,13.8,17.7
2001,Puerto Rico,,,12.9,10.7,15.4,,,,,2.2,16.5,25.6,22.0
2001,Rhode Island,,,8.1,5.9,11.2,,,,,2.1,8.1,17.9,13.1
2001,South Carolina,,,12.2,9.2,16,,,,,2.7,13.2,18.1,11.1
2001,South Dakota,,,9,6,13.3,,,,,1.6,8.1,14.2,15.2
2001,Tennessee,,,10.7,7.8,14.5,,,,,2.4,11.4,15.0,19.3
2001,Texas,,,12,10,14.4,,,,,2.5,10.8,17.1,15.2
2001,United States,,,,,,,,,,2.0,9.3,16.7,13.6
2001,Utah,,,Suppressed,Suppressed,Suppressed,,,,,1.4,6.3,12.5,10.4
2001,Vermont,,,9.8,7.1,13.4,,,,,0.9,6.4,16.6,14.9
2001,Virgin Islands of the U.S.,,,9.9,7.6,12.9,,,,,1.4,11.3,21.3,15.4
2001,Virginia,,,13.2,10.1,17,,,,,1.8,8.6,18.4,10.8
2001,Washington,,,8.7,5.3,14.1,,,,,1.6,8.1,14.7,13.4
2001,West Virginia,,,13.4,10.7,16.7,,,,,2.3,13.3,17.5,16.2
2001,Wisconsin,,,7.9,5.1,11.9,,,,,1.3,7.3,14.4,14.7
2001,Wyoming,,,8.4,5.1,13.6,,,,,1.6,5.5,10.2,14.2
2002,Alabama,,,10.5,7.9,13.8,,,,,2.6,12.7,17.6,20.1
2002,Alaska,,,Suppressed,Suppressed,Suppressed,,,,,1.0,5.7,9.4,19.9
2002,Arizona,,,6.1,3.4,10.5,,,,,2.0,9.9,16.0,11.4
2002,Arkansas,,,12.4,9.5,15.9,,,,,3.0,10.5,17.1,16.0
2002,California,,,12.3,9,16.7,,,,,2.5,10.5,18.1,22.9
2002,Colorado,,,11.4,7.2,17.5,,,,,1.6,6.7,9.8,13.2
2002,Connecticut,,,10.6,7.6,14.6,,,,,1.6,7.1,15.5,15.7
2002,Delaware,,,7.8,5.5,10.9,,,,,1.4,12.1,16.7,12.7
2002,District of Columbia,,,Suppressed,Suppressed,Suppressed,,,,,2.7,11.7,20.8,17.0
2002,Florida,,,11.4,8.4,15.4,,,,,2.2,11.3,13.3,15.0
2002,Georgia,,,11.4,9.1,14.3,,,,,2.0,11.9,21.3,12.3
2002,Guam,,,Suppressed,Suppressed,Suppressed,,,,,3.4,15.5,,
2002,Hawaii,,,5.2,3,9,,,,,1.6,7.2,15.7,14.2
2002,Idaho,,,9.6,6.1,14.7,,,,,2.4,7.3,16.7,15.9
2002,Illinois,,,10.8,8.2,13.9,,,,,1.9,10.8,17.1,13.6
2002,Indiana,,,11.2,8.9,14.1,,,,,2.5,10.7,17.8,16.2
2002,Iowa,,,10.8,7.3,15.7,,,,,1.9,8.2,14.5,17.4
2002,Kansas,,,11.6,8.1,16.3,,,,,1.6,10.2,13.9,14.3
2002,Kentucky,,,9.6,7.7,11.9,,,,,3.0,9.8,14.8,13.2
2002,Louisiana,,,10.4,8.1,13.2,,,,,2.9,10.5,13.6,16.6
2002,Maine,,,8.5,5.7,12.4,,,,,2.2,8.4,20.7,15.2
2002,Maryland,,,9.3,6.1,13.9,,,,,2.4,10.6,13.0,16.8
2002,Massachusetts,,,8.8,6.2,12.3,,,,,1.9,7.7,12.4,16.3
2002,Median of States,,,,,,,,,,2.1,9.4,16.0,15.9
2002,Michigan,,,10.9,8.4,14.1,,,,,2.2,10.6,19.2,22.8
2002,Minnesota,,,6.9,4.3,10.9,,,,,1.8,6.6,12.2,11.5
2002,Mississippi,,,9,7.3,11,,,,,2.9,12.9,18.7,18.2
2002,Missouri,,,8.8,6.5,11.9,,,,,2.7,9.9,15.9,15.7
2002,Montana,,,10.4,6.8,15.6,,,,,2.2,6.9,12.0,11.9
2002,Nebraska,,,7.4,4.7,11.7,,,,,1.7,9.0,11.5,12.9
2002,Nevada,,,10.1,6.3,15.7,,,,,2.9,8.1,16.1,11.3
2002,New Hampshire,,,9.8,7.1,13.3,,,,,1.9,7.5,17.6,17.5
2002,New Jersey,,,8.2,5.6,12,,,,,1.7,7.7,16.6,15.7
2002,New Mexico,,,11,8.6,14,,,,,1.9,9.8,14.0,11.0
2002,New York,,,12.5,9.2,16.7,,,,,2.0,9.3,20.8,17.6
2002,North Carolina,,,10.4,8.1,13.3,,,,,1.8,10.2,22.3,16.1
2002,North Dakota,,,7.9,5.2,11.9,,,,,2.0,8.2,14.3,13.7
2002,Ohio,,,13.8,10.3,18.2,,,,,2.9,9.4,19.5,16.6
2002,Oklahoma,,,8.8,7.1,10.8,,,,,2.5,9.1,15.0,14.5
2002,Oregon,,,13.1,8.7,19.3,,,,,2.0,9.1,13.7,12.8
2002,Pennsylvania,,,11.1,8.9,13.6,,,,,2.7,8.7,20.7,18.3
2002,Puerto Rico,,,12.1,10.4,14.1,,,,,2.4,16.5,29.9,23.2
2002,Rhode Island,,,10.1,7.4,13.5,,,,,1.4,6.7,13.8,17.6
2002,South Carolina,,,12,9.3,15.3,,,,,2.9,12.1,18.6,18.9
2002,South Dakota,,,8.5,5.6,12.7,,,,,2.0,8.4,14.1,14.9
2002,Tennessee,,,12.9,9.7,17,,,,,2.6,14.0,16.2,17.1
2002,Texas,,,10.8,8.7,13.3,,,,,1.8,12.4,17.4,16.3
2002,United States,,,,,,,,,,1.9,9.3,17.0,14.8
2002,Utah,,,10.2,6.1,16.7,,,,,1.6,6.2,12.4,16.7
2002,Vermont,,,9.6,6.8,13.4,,,,,2.2,8.1,13.6,10.8
2002,Virgin Islands of the U.S.,,,14.3,11.3,18,,,,,2.1,14.2,24.0,25.6
2002,Virginia,,,9,7.1,11.4,,,,,2.3,8.4,16.9,14.5
2002,Washington,,,10.7,6.6,16.8,,,,,1.8,8.7,12.9,15.3
2002,West Virginia,,,14,11.3,17.3,,,,,2.4,15.1,21.0,20.4
2002,Wisconsin,,,6.9,4.6,10.3,,,,,1.8,6.3,12.4,12.0
2002,Wyoming,,,6.4,4.1,10,,,,,2.2,7.4,10.9,16.2
2003,Alabama,,,15.2,11.8,19.2,,,,,3.4,12.2,18.4,16.4
2003,Alaska,,,Suppressed,Suppressed,Suppressed,,,,,2.2,6.9,15.1,
2003,Arizona,,,10.7,7.1,15.6,,,,,1.9,8.2,16.3,15.2
2003,Arkansas,,,12.4,9.7,15.7,,,,,2.3,10.8,17.0,12.3
2003,California,,,11.5,8.6,15.3,,,,,3.4,9.7,19.3,13.0
2003,Colorado,,,7.8,4.8,12.4,,,,,1.6,7.1,12.6,11.1
2003,Connecticut,,,7.5,5.3,10.7,,,,,1.9,7.2,15.7,13.1
2003,Delaware,,,14.4,10.1,20.1,,,,,2.5,11.1,18.4,13.8
2003,District of Columbia,,,12.6,8,19.3,,,,,2.7,12.1,23.6,20.1
2003,Florida,,,8.9,6.3,12.4,,,,,2.6,12.9,14.3,14.0
2003,Georgia,,,11.5,9.5,13.8,,,,,2.8,12.0,21.4,15.4
2003,Guam,,,13.1,8.1,20.4,,,,,4.3,18.2,32.4,
2003,Hawaii,,,14.4,9.5,21.3,,,,,1.9,11.0,20.4,13.3
2003,Idaho,,,7,4.6,10.6,,,,,2.4,9.1,14.2,12.9
2003,Illinois,,,10.7,8,14.1,,,,,2.6,10.7,14.9,18.3
2003,Indiana,,,14.4,11.5,17.8,,,,,2.1,11.7,19.2,15.8
2003,Iowa,,,7,4.8,10,,,,,1.5,8.3,17.9,15.5
2003,Kansas,,,6,3.8,9.4,,,,,2.0,7.6,13.9,15.1
2003,Kentucky,,,11.2,9.3,13.3,,,,,2.7,12.9,19.7,15.1
2003,Louisiana,,,12,9.7,14.8,,,,,2.7,13.1,19.8,16.8
2003,Maine,,,9.8,6.6,14.4,,,,,1.9,8.6,17.7,20.3
2003,Maryland,,,11.8,8.3,16.6,,,,,2.4,8.6,21.7,16.2
2003,Massachusetts,,,12.2,9.4,15.6,,,,,1.8,7.5,16.9,14.8
2003,Median of States,,,,,,,,,,2.2,9.6,17.3,15.5
2003,Michigan,,,12.9,9.9,16.7,,,,,2.7,11.7,17.3,15.8
2003,Minnesota,,,10,6.1,15.9,,,,,1.4,8.1,13.6,13.3
2003,Mississippi,,,15.9,13.5,18.6,,,,,4.1,16.5,23.2,21.4
2003,Missouri,,,8.1,6,10.8,,,,,2.0,9.6,15.8,15.6
2003,Montana,,,6.1,3.9,9.4,,,,,1.7,7.3,12.5,11.6
2003,Nebraska,,,7.6,5.1,11.2,,,,,1.7,8.2,17.2,14.6
2003,Nevada,,,8.9,5.1,15,,,,,2.3,8.3,12.2,20.4
2003,New Hampshire,,,7.1,4.9,10.2,,,,,1.8,6.7,15.6,14.4
2003,New Jersey,,,10.5,8.2,13.3,,,,,2.5,9.6,17.3,14.0
2003,New Mexico,,,10.2,8.2,12.6,,,,,1.4,7.9,15.3,13.6
2003,New York,,,10.9,8.3,14.2,,,,,2.0,11.5,14.5,17.8
2003,North Carolina,,,10.4,8.8,12.2,,,,,2.5,11.9,18.1,19.9
2003,North Dakota,,,6.4,4.2,9.6,,,,,1.5,6.3,18.6,15.9
2003,Ohio,,,16.6,11.6,23.2,,,,,3.2,11.0,22.1,19.7
2003,Oklahoma,,,9.3,7.5,11.6,,,,,2.4,10.0,16.3,14.8
2003,Oregon,,,12.6,9,17.2,,,,,1.4,8.5,18.6,13.3
2003,Pennsylvania,,,11.4,8.4,15.2,,,,,1.9,10.8,19.0,17.9
2003,Puerto Rico,,,13.2,11.3,15.4,,,,,2.4,16.5,32.3,23.7
2003,Rhode Island,,,13.3,9.9,17.7,,,,,1.8,8.3,19.9,16.4
2003,South Carolina,,,15.2,12.6,18.2,,,,,3.1,14.6,18.3,18.4
2003,South Dakota,,,11.1,8.1,14.9,,,,,2.0,8.6,17.4,17.7
2003,Tennessee,,,12.1,8,17.9,,,,,4.5,13.6,17.2,15.5
2003,Texas,,,11.7,9.6,14.2,,,,,3.2,13.3,16.2,16.4
2003,United States,,,,,,,,,,1.9,9.1,17.6,15.5
2003,Utah,,,10.9,6.4,17.8,,,,,1.5,9.0,18.3,15.9
2003,Vermont,,,11.1,7.8,15.6,,,,,2.3,6.7,12.2,14.9
2003,Virgin Islands of the U.S.,,,13.7,10.1,18.2,,,,,2.2,15.1,28.9,
2003,Virginia,,,12.9,10.1,16.2,,,,,2.2,11.1,15.6,16.2
2003,Washington,,,11.3,9.5,13.3,,,,,2.3,9.2,14.8,16.9
2003,West Virginia,,,12.6,10.2,15.4,,,,,3.4,12.7,18.5,20.1
2003,Wisconsin,,,10,6.6,14.9,,,,,1.4,8.2,16.7,13.9
2003,Wyoming,,,9.7,6.6,14,,,,,1.8,8.1,15.8,10.6
2004,Alabama,,,14.5,11.5,18.2,,,,,2.9,10.7,20.1,16.7
2004,Alaska,,,2.6,1.4,4.7,,,,,1.2,7.3,10.0,8.7
2004,Arizona,,,13.7,9.6,19.2,,,,,2.4,8.4,17.0,15.1
2004,Arkansas,,,8.5,6.6,10.8,,,,,2.1,11.0,16.4,10.6
2004,California,,,12.9,9.9,16.6,,,,,2.3,10.2,19.5,17.7
2004,Colorado,,,6.8,4.7,9.9,,,,,1.4,6.7,10.9,10.8
2004,Connecticut,,,12.7,9.5,16.9,,,,,2.0,7.2,15.0,14.4
2004,Delaware,,,10.7,7.5,14.9,,,,,3.3,8.0,20.3,12.2
2004,District of Columbia,,,14.1,10.2,19.3,,,,,1.4,13.2,29.7,20.7
2004,Florida,,,10.7,7.9,14.3,,,,,2.0,11.7,15.7,13.5
2004,Georgia,,,13.3,10.4,16.9,,,,,2.6,11.0,20.0,17.7
2004,Guam,,,No Data,No Data,No Data,,,,,,,,
2004,Hawaii,,,No Data,No Data,No Data,,,,,,,,
2004,Idaho,,,10.6,8,13.9,,,,,1.9,8.4,18.9,12.6
2004,Illinois,,,11.7,8.2,16.6,,,,,1.3,9.1,16.4,14.3
2004,Indiana,,,13.4,10.9,16.4,,,,,2.6,10.7,19.0,16.4
2004,Iowa,,,8.6,6.1,11.9,,,,,1.6,8.4,14.6,15.8
2004,Kansas,,,10.6,8.3,13.4,,,,,2.5,8.1,16.7,13.9
2004,Kentucky,,,8.9,7.4,10.7,,,,,2.6,10.2,18.9,15.5
2004,Louisiana,,,11.8,9.9,13.9,,,,,2.4,12.5,21.4,16.9
2004,Maine,,,13.3,8.4,20.3,,,,,3.2,9.8,15.3,12.9
2004,Maryland,,,12,8.7,16.4,,,,,2.9,8.6,20.2,17.8
2004,Massachusetts,,,13.1,10.4,16.4,,,,,1.8,7.5,14.9,11.6
2004,Median of States,,,,,,,,,,2.2,9.5,17.2,15.5
2004,Michigan,,,12.7,9.4,17,,,,,2.5,11.5,15.6,16.8
2004,Minnesota,,,8.5,5.3,13.3,,,,,1.5,6.5,13.6,13.3
2004,Mississippi,,,12.9,10.8,15.2,,,,,3.6,13.8,22.0,18.9
2004,Missouri,,,9.2,7,12.1,,,,,2.3,10.4,18.2,13.1
2004,Montana,,,10,6.8,14.5,,,,,1.7,8.0,13.9,12.7
2004,Nebraska,,,9.1,6.7,12.1,,,,,1.7,8.5,14.8,16.1
2004,Nevada,,,11.8,7.6,18.1,,,,,1.5,10.1,14.8,17.3
2004,New Hampshire,,,8.4,6.1,11.5,,,,,1.8,8.5,17.3,17.1
2004,New Jersey,,,10,8.3,12,,,,,2.1,8.9,19.5,13.4
2004,New Mexico,,,9.3,7.5,11.5,,,,,2.2,8.9,16.2,14.1
2004,New York,,,9.8,7.6,12.6,,,,,2.0,11.1,19.0,16.2
2004,North Carolina,,,12,10.6,13.6,,,,,2.5,12.3,20.4,20.3
2004,North Dakota,,,10,6,16.2,,,,,1.2,7.4,14.9,15.5
2004,Ohio,,,13.8,9.2,20.2,,,,,2.9,10.2,21.6,12.9
2004,Oklahoma,,,10.8,8.4,13.7,,,,,2.5,11.9,17.6,15.9
2004,Oregon,,,7.3,4.9,10.6,,,,,2.5,8.9,15.5,12.5
2004,Pennsylvania,,,10.5,7.6,14.3,,,,,2.3,10.3,17.5,16.2
2004,Puerto Rico,,,13.5,11.1,16.4,,,,,2.7,17.5,24.1,22.8
2004,Rhode Island,,,12.4,9.8,15.6,,,,,2.6,7.7,18.3,19.2
2004,South Carolina,,,11.4,9.3,13.8,,,,,2.5,12.1,22.2,16.1
2004,South Dakota,,,9.6,7.1,12.9,,,,,2.0,8.1,16.9,14.8
2004,Tennessee,,,12.1,9.4,15.5,,,,,2.9,13.1,17.1,14.7
2004,Texas,,,12,9.8,14.7,,,,,2.6,11.9,22.3,14.8
2004,United States,,,,,,,,,,2.0,9.9,18.5,16.0
2004,Utah,,,5.6,3.4,9,,,,,2.2,6.5,16.1,15.1
2004,Vermont,,,9.4,7.2,12.3,,,,,2.0,6.7,14.1,10.5
2004,Virgin Islands of the U.S.,,,12.3,9.9,15.2,,,,,2.0,12.5,25.2,29.1
2004,Virginia,,,8,6.4,10,,,,,1.9,10.8,18.7,15.6
2004,Washington,,,7,5.8,8.5,,,,,2.0,8.9,15.6,16.0
2004,West Virginia,,,14.2,11.4,17.5,,,,,3.6,14.3,22.8,21.4
2004,Wisconsin,,,10.2,6.9,14.9,,,,,1.3,7.8,15.4,13.1
2004,Wyoming,,,12.1,8.2,17.4,,,,,2.0,7.0,15.8,15.6
2005,Alabama,29.8,"1,429",11.3,8.7,14.4,,,,,2.9,14.2,23.8,16.6
2005,Alaska,22.4,93,4.3,2.6,7,,,,,1.4,5.7,12.6,
2005,Arizona,20.4,"1,208",11.1,7.7,15.8,,,,,3.7,8.9,18.7,12.5
2005,Arkansas,27.1,824,10.9,8.5,13.9,,,,,2.6,12.6,15.2,14.2
2005,California,23.8,"7,697",11.3,8.7,14.6,,,,,2.3,10.2,20.6,15.3
2005,Colorado,19.3,753,9.9,7.3,13.4,,,,,1.6,6.1,14.4,14.4
2005,Connecticut,20.0,811,11.9,8.7,16,,,,,2.3,8.8,14.6,12.0
2005,Delaware,26.4,233,14,9.7,19.7,,,,,3.5,11.2,18.5,17.5
2005,District of Columbia,,,13.1,9.5,17.9,,,,,1.7,12.5,20.5,13.7
2005,Florida,22.7,"5,193",11.8,9.3,14.8,,,,,3.2,10.5,18.5,17.8
2005,Georgia,23.2,"1,742",13.4,10.9,16.4,,,,,3.7,11.5,22.2,18.8
2005,Guam,,,No Data,No Data,No Data,,,,,,,,
2005,Hawaii,15.1,218,13,8.7,18.9,,,,,2.4,9.9,16.1,15.9
2005,Idaho,22.4,299,12.1,9.3,15.5,,,,,1.9,9.9,17.7,15.7
2005,Illinois,24.0,"3,034",13,9,18.3,,,,,2.3,12.2,20.9,13.8
2005,Indiana,27.0,"1,719",12.2,9.4,15.7,,,,,2.4,11.3,22.3,17.6
2005,Iowa,20.1,727,9.6,7.1,12.8,,,,,1.9,8.8,14.8,16.6
2005,Kansas,23.8,710,11.6,9,14.8,,,,,2.2,9.3,17.0,15.5
2005,Kentucky,27.8,"1,187",12.4,10.1,15.1,,,,,3.1,13.9,16.2,16.5
2005,Louisiana,38.7,"1,695",12,9.1,15.7,,,,,2.7,13.5,23.8,18.5
2005,Maine,24.7,385,11.2,7.7,16.1,,,,,2.4,9.1,16.8,16.3
2005,Maryland,26.0,"1,388",12.1,9.3,15.6,,,,,2.2,9.9,19.5,16.0
2005,Massachusetts,17.7,"1,271",10.6,8.1,13.8,,,,,2.0,9.3,15.3,12.5
2005,Median of States,,,,,,,,,,2.3,9.9,18.5,16.0
2005,Michigan,27.3,"2,842",11.3,9.4,13.6,,,,,2.6,11.1,20.1,17.7
2005,Minnesota,23.6,"1,258",8.1,4.5,14.1,,,,,1.6,7.4,14.8,16.1
2005,Mississippi,23.5,677,12.4,10.2,15.2,,,,,3.8,13.4,26.0,15.8
2005,Missouri,24.8,"1,549",13.9,10.2,18.8,,,,,2.9,10.6,17.2,15.2
2005,Montana,26.7,285,10,7.1,13.9,,,,,1.8,6.6,12.8,14.0
2005,Nebraska,23.3,449,8.4,6.4,10.9,,,,,2.4,8.7,18.5,19.0
2005,Nevada,15.3,336,9.2,5.6,14.7,,,,,2.3,9.8,19.5,15.6
2005,New Hampshire,23.4,310,11,7.7,15.5,,,,,2.2,7.7,19.2,13.6
2005,New Jersey,27.3,"2,540",14.6,12.1,17.5,,,,,2.1,10.7,19.1,16.7
2005,New Mexico,31.4,595,10.4,8.3,13.1,,,,,2.5,9.7,17.6,14.9
2005,New York,19.7,"4,051",13.5,10.7,16.9,,,,,2.6,11.8,19.1,16.0
2005,North Carolina,26.2,"2,261",12.2,10.8,13.8,,,,,2.3,12.9,20.0,19.3
2005,North Dakota,26.2,204,8.1,5.1,12.6,,,,,2.3,7.3,16.1,16.7
2005,Ohio,30.5,"3,794",8.9,6.4,12.4,,,,,2.4,10.7,18.6,14.5
2005,Oklahoma,32.6,"1,217",9.5,7.8,11.5,,,,,3.2,12.4,20.5,17.2
2005,Oregon,29.2,"1,149",10.1,7.9,12.7,,,,,2.2,8.9,17.6,13.2
2005,Pennsylvania,23.1,"3,553",10.2,8.1,12.8,,,,,2.9,9.4,20.0,16.7
2005,Puerto Rico,,,14.6,12.6,16.9,,,,,2.9,18.3,31.4,32.5
2005,Rhode Island,22.3,282,7.1,5.3,9.4,,,,,2.1,8.1,17.0,13.6
2005,South Carolina,27.5,"1,187",14.3,12.2,16.8,,,,,3.4,15.3,21.3,22.2
2005,South Dakota,26.2,241,6.8,5.1,9.1,,,,,1.7,8.0,15.5,16.3
2005,Tenessee,30.3,"1,844",,,,,,,,,,,
2005,Tennessee,,,13.9,11,17.4,,,,,2.6,13.9,20.7,17.0
2005,Texas,29.7,"5,605",11.5,9.7,13.5,,,,,2.1,14.1,20.0,14.7
2005,United States,,,,,,,,,,2.4,10.5,18.6,15.3
2005,Utah,31.0,541,11.1,7.7,15.6,,,,,1.6,8.9,18.2,15.4
2005,Vermont,25.8,173,11.1,7.7,15.7,,,,,2.1,7.1,15.3,13.1
2005,Virgin Islands of the U.S.,,,10.4,7.5,14.2,,,,,2.6,11.2,24.8,27.6
2005,Virginia,22.9,"1,642",13.7,10.8,17.3,,,,,2.1,9.0,18.3,18.8
2005,Washington,25.5,"1,554",10,8.2,12.1,,,,,2.0,9.2,15.5,13.8
2005,West Virginia,34.5,766,12.2,9.7,15.3,,,,,4.2,12.6,21.0,21.3
2005,Wisconsin,21.0,"1,276",9.7,6.5,14.4,,,,,2.2,8.1,15.9,16.7
2005,Wyoming,25.8,130,11,7.5,15.9,,,,,2.1,7.9,18.9,14.3
2006,Alabama,,,11.6,9,14.8,,,,,3.2,13.3,24.5,20.2
2006,Alaska,,,Suppressed,Suppressed,Suppressed,,,,,0.9,8.5,23.8,22.7
2006,Arizona,,,13.5,8.8,20.2,,,,,2.8,14.0,17.2,13.1
2006,Arkansas,,,10.3,8.1,12.9,,,,,2.9,11.2,18.1,14.9
2006,California,,,14.8,12,18,,,,,1.9,12.4,22.5,21.6
2006,Colorado,,,8.5,6.1,11.9,,,,,1.6,7.4,14.9,14.2
2006,Connecticut,,,9.7,7.6,12.3,,,,,2.1,8.1,15.6,13.9
2006,Delaware,,,10.8,7,16.2,,,,,2.7,10.4,21.7,15.2
2006,District of Columbia,,,14.1,10.2,19.2,,,,,2.3,13.5,20.9,17.4
2006,Florida,,,11.5,9.2,14.3,,,,,2.5,11.7,17.7,14.9
2006,Georgia,,,16.4,13.3,20,,,,,3.0,13.8,23.8,22.7
2006,Guam,,,No Data,No Data,No Data,,,,,,,,
2006,Hawaii,,,10.6,7.7,14.5,,,,,1.8,12.3,18.4,16.7
2006,Idaho,,,8.9,6.5,12,,,,,1.9,10.1,15.3,17.5
2006,Illinois,,,12.9,9.3,17.5,,,,,2.7,11.3,20.8,17.8
2006,Indiana,,,9.6,7.7,11.9,,,,,2.8,10.0,19.9,20.0
2006,Iowa,,,8.9,6.3,12.4,,,,,1.7,9.4,16.7,18.2
2006,Kansas,,,9.4,7.5,11.6,,,,,2.6,9.1,17.9,16.9
2006,Kentucky,,,12.8,10.8,15.1,,,,,3.1,15.4,22.1,16.0
2006,Louisiana,,,15,12.7,17.7,,,,,2.9,14.2,20.9,17.1
2006,Maine,,,8.6,6.2,12,,,,,1.9,7.8,17.1,16.9
2006,Maryland,,,12.8,9.7,16.7,,,,,2.4,11.0,20.1,18.3
2006,Massachusetts,,,14.2,11.2,17.9,,,,,2.1,8.0,15.7,15.2
2006,Median of States,,,,,,,,,,2.3,10.5,18.7,16.9
2006,Michigan,,,10.8,8.3,14,,,,,2.9,12.6,21.8,17.7
2006,Minnesota,,,5.7,3.7,8.8,,,,,1.7,7.8,13.9,14.8
2006,Mississippi,,,13.1,11.1,15.4,,,,,4.0,16.2,24.7,18.3
2006,Missouri,,,9.8,7.6,12.5,,,,,1.3,11.0,18.2,16.5
2006,Montana,,,8.3,6.1,11.3,,,,,1.9,8.1,14.7,13.1
2006,Nebraska,,,9.7,7.2,12.9,,,,,2.3,9.7,18.5,16.1
2006,Nevada,,,11.2,7.9,15.7,,,,,3.0,9.2,21.2,16.1
2006,New Hampshire,,,13.1,10,17,,,,,2.6,9.1,16.1,20.1
2006,New Jersey,,,12.1,10.1,14.5,,,,,1.5,10.4,21.7,16.3
2006,New Mexico,,,10,8,12.4,,,,,2.0,10.5,17.5,15.3
2006,New York,,,10.7,8.4,13.5,,,,,1.2,11.7,18.5,19.7
2006,North Carolina,,,12.7,11.3,14.3,,,,,3.2,12.4,22.8,19.3
2006,North Dakota,,,9.5,6.3,14.1,,,,,1.9,8.4,18.6,13.7
2006,Ohio,,,10.3,7.1,14.7,,,,,2.3,8.6,15.4,15.0
2006,Oklahoma,,,12.7,10.6,15.2,,,,,3.2,15.0,21.2,18.2
2006,Oregon,,,7,4.4,11.1,,,,,2.2,7.7,18.8,16.1
2006,Pennsylvania,,,11.3,8.8,14.3,,,,,2.2,11.6,18.9,17.7
2006,Puerto Rico,,,15.3,13.2,17.8,,,,,3.0,17.1,31.1,29.2
2006,Rhode Island,,,11.2,8.5,14.5,,,,,3.1,8.8,17.7,16.2
2006,South Carolina,,,12.7,10.5,15.2,,,,,2.8,14.2,22.5,18.2
2006,South Dakota,,,7.5,5.6,10.1,,,,,2.3,8.0,14.2,15.0
2006,Tennessee,,,14,11.1,17.5,,,,,4.0,14.8,23.1,21.5
2006,Texas,,,15.5,12.1,19.5,,,,,2.4,12.8,21.5,17.0
2006,United States,,,,,,,,,,2.7,10.5,18.2,17.9
2006,Utah,,,9.6,6.3,14.4,,,,,1.5,8.7,21.3,17.9
2006,Vermont,,,11.4,8.7,14.8,,,,,1.5,7.4,14.9,14.4
2006,Virgin Islands of the U.S.,,,12.1,9.6,15.3,,,,,3.2,13.7,18.1,24.0
2006,Virginia,,,10.9,8.7,13.5,,,,,1.5,10.9,21.1,17.0
2006,Washington,,,11.3,9.6,13.2,,,,,2.2,9.9,18.7,15.0
2006,West Virginia,,,14.7,12.1,17.6,,,,,4.0,15.8,22.8,24.2
2006,Wisconsin,,,10.7,7.8,14.6,,,,,1.6,8.5,15.6,14.5
2006,Wyoming,,,8.2,5.9,11.2,,,,,1.8,8.9,15.0,14.0
2007,Alabama,,,12.5,10.5,14.9,,,,,3.9,13.9,23.5,18.0
2007,Alaska,,,Suppressed,Suppressed,Suppressed,,,,,2.4,8.6,19.0,11.7
2007,Arizona,,,18,13,24.2,,,,,2.9,12.7,21.5,12.0
2007,Arkansas,,,11,8.5,14.1,,,,,3.5,13.3,17.6,17.2
2007,California,,,12.2,9.9,15,,,,,2.0,10.6,22.5,19.4
2007,Colorado,,,10.4,8.3,13,,,,,1.5,7.4,14.0,16.8
2007,Connecticut,,,13.1,9.7,17.3,,,,,2.5,8.5,18.6,16.1
2007,Delaware,,,13.4,9.9,17.9,,,,,3.1,11.2,20.8,18.4
2007,District of Columbia,,,14.5,10.4,19.7,,,,,2.4,12.5,21.4,18.9
2007,Florida,,,12.3,10.5,14.5,,,,,2.4,10.9,18.9,18.1
2007,Georgia,,,17.9,14.8,21.3,,,,,4.3,14.6,24.4,23.0
2007,Guam,,,10.8,6.1,18.4,,,,,2.7,19.2,26.1,
2007,Hawaii,,,8.7,5.9,12.6,,,,,1.9,10.3,21.2,14.4
2007,Idaho,,,11.8,8.9,15.4,,,,,2.6,10.8,17.7,20.2
2007,Illinois,,,12.5,8.9,17.2,,,,,3.0,11.9,22.1,19.3
2007,Indiana,,,10.5,8.2,13.2,,,,,1.7,12.4,23.0,17.6
2007,Iowa,,,8.3,5.7,11.9,,,,,1.7,8.4,17.0,15.6
2007,Kansas,,,9.5,7.5,11.9,,,,,2.0,10.1,16.5,17.5
2007,Kentucky,,,12.9,10.9,15.2,,,,,3.1,14.4,22.3,18.4
2007,Louisiana,,,15.4,12.7,18.5,,,,,3.2,13.9,26.9,21.8
2007,Maine,,,10.7,7.8,14.6,,,,,2.7,9.4,16.8,16.3
2007,Maryland,,,11.3,8.9,14.4,,,,,2.1,11.7,22.0,18.8
2007,Massachusetts,,,14.2,12.3,16.4,,,,,2.5,9.5,17.9,16.3
2007,Median of States,,,,,,,,,,2.5,11.0,19.8,17.9
2007,Michigan,,,11.3,8.7,14.4,,,,,2.8,11.4,22.0,20.4
2007,Minnesota,,,7.8,4.7,12.7,,,,,1.5,8.0,12.0,15.5
2007,Mississippi,,,15.1,13,17.4,,,,,3.9,15.4,25.7,23.8
2007,Missouri,,,11.1,8.2,15,,,,,2.0,11.9,18.7,15.2
2007,Montana,,,8.8,6.2,12.3,,,,,2.1,7.9,16.0,14.2
2007,Nebraska,,,9.9,6.7,14.4,,,,,1.9,9.7,17.2,16.3
2007,Nevada,,,7.2,4.8,10.8,,,,,2.5,11.0,19.6,20.4
2007,New Hampshire,,,11.8,9.1,15.2,,,,,1.6,9.3,17.7,17.9
2007,New Jersey,,,16.3,12.6,20.7,,,,,2.8,12.1,22.7,20.1
2007,New Mexico,,,10.3,8.3,12.7,,,,,3.2,10.1,18.5,13.8
2007,New York,,,12.6,9.6,16.4,,,,,1.8,12.6,18.8,17.6
2007,North Carolina,,,12.6,11.1,14.2,,,,,2.7,13.3,21.2,19.9
2007,North Dakota,,,6.6,4.6,9.5,,,,,1.6,8.3,15.9,13.7
2007,Ohio,,,12,9.9,14.5,,,,,3.0,12.9,21.7,18.9
2007,Oklahoma,,,13,10.9,15.4,,,,,3.5,14.2,22.5,18.4
2007,Oregon,,,11.1,8.1,15.1,,,,,1.5,9.6,18.3,15.2
2007,Pennsylvania,,,11.3,8.6,14.7,,,,,2.7,10.2,19.9,19.8
2007,Puerto Rico,,,13.7,11.7,16,,,,,2.9,20.1,33.0,23.1
2007,Rhode Island,,,13.4,10.5,17.1,,,,,1.8,10.0,18.0,15.8
2007,South Carolina,,,12.5,10.8,14.3,,,,,3.3,13.3,21.9,18.7
2007,South Dakota,,,10.1,7.6,13.3,,,,,2.3,8.0,16.2,14.9
2007,Tennessee,,,12.6,10.2,15.5,,,,,5.1,15.4,24.7,24.9
2007,Texas,,,15.7,14,17.5,,,,,4.6,14.5,25.3,20.6
2007,United States,,,,,,,,,,2.2,10.6,20.0,17.3
2007,Utah,,,11.3,8,15.8,,,,,1.6,9.8,16.7,17.7
2007,Vermont,,,15.9,8.7,27.3,,,,,2.7,8.5,15.4,14.4
2007,Virgin Islands of the U.S.,,,11.3,9.2,13.9,,,,,1.7,13.3,25.0,28.8
2007,Virginia,,,13,10.6,15.9,,,,,2.3,10.9,21.2,19.3
2007,Washington,,,9.6,8,11.3,,,,,2.3,9.6,17.8,16.1
2007,West Virginia,,,15.5,12.5,19.1,,,,,3.5,14.4,22.6,19.5
2007,Wisconsin,,,12.4,8.9,17,,,,,1.4,8.4,17.6,15.4
2007,Wyoming,,,7.2,5.2,9.9,,,,,2.0,8.5,17.8,17.6
2008,Alabama,,,12.8,10.8,15.2,,,,,4.1,15.8,23.4,19.3
2008,Alaska,,,Suppressed,Suppressed,Suppressed,,,,,3.4,8.1,20.8,14.9
2008,Arizona,,,14,10.3,18.7,,,,,2.3,10.7,19.6,18.0
2008,Arkansas,,,12.3,9.6,15.6,,,,,3.3,12.7,20.2,19.2
2008,California,,,12.8,11.1,14.8,,,,,3.0,12.3,21.9,18.1
2008,Colorado,,,7.5,5.9,9.4,,,,,2.3,8.0,15.3,14.3
2008,Connecticut,,,13.1,9.1,18.5,,,,,2.1,8.2,18.0,14.0
2008,Delaware,,,8.3,5.7,12,,,,,2.7,10.7,19.6,17.6
2008,District of Columbia,,,14.9,11.2,19.5,,,,,2.0,11.9,20.3,22.9
2008,Florida,,,11,8.3,14.3,,,,,2.1,13.5,20.4,18.3
2008,Georgia,,,13.1,10.5,16.2,,,,,4.4,13.6,22.1,22.7
2008,Guam,,,Suppressed,Suppressed,Suppressed,,,,,3.4,14.3,20.6,
2008,Hawaii,,,13.3,9.2,18.9,,,,,2.7,10.7,17.3,18.7
2008,Idaho,,,8.6,6.3,11.6,,,,,1.4,9.9,19.8,18.4
2008,Illinois,,,11.3,8.3,15.3,,,,,2.1,12.8,19.6,18.1
2008,Indiana,,,16.3,12.5,21.1,,,,,3.2,13.0,22.9,19.7
2008,Iowa,,,9.6,6.8,13.5,,,,,1.7,9.1,16.4,16.9
2008,Kansas,,,11.9,9.3,15.2,,,,,2.2,10.9,18.9,19.6
2008,Kentucky,,,14.7,12.6,17.2,,,,,3.4,13.1,22.3,21.3
2008,Louisiana,,,16.4,13.5,19.8,,,,,3.5,14.9,24.8,21.4
2008,Maine,,,10.9,8.3,14.1,,,,,2.6,9.4,19.0,18.9
2008,Maryland,,,13.7,11.2,16.7,,,,,2.4,12.4,21.6,18.0
2008,Massachusetts,,,10.7,9.2,12.4,,,,,2.2,8.8,18.2,17.2
2008,Median of States,,,,,,,,,,2.6,11.3,20.0,18.4
2008,Michigan,,,12.8,10,16.3,,,,,3.0,12.6,21.3,17.3
2008,Minnesota,,,Suppressed,Suppressed,Suppressed,,,,,1.7,7.5,17.4,13.2
2008,Mississippi,,,17.6,14.5,21.3,,,,,4.4,15.2,24.3,22.7
2008,Missouri,,,12.7,9.3,17.2,,,,,3.8,12.4,18.0,16.9
2008,Montana,,,8.1,5.9,11.2,,,,,1.8,7.4,16.0,15.8
2008,Nebraska,,,11.1,8.5,14.4,,,,,2.6,10.1,17.1,17.3
2008,Nevada,,,7.6,4.9,11.6,,,,,2.4,12.7,19.4,22.4
2008,New Hampshire,,,12,8.7,16.2,,,,,2.4,8.6,15.7,19.2
2008,New Jersey,,,14.9,12.5,17.8,,,,,2.3,11.3,21.5,17.5
2008,New Mexico,,,13.1,10.8,15.9,,,,,2.7,10.8,17.7,16.0
2008,New York,,,11.9,9.1,15.3,,,,,2.4,11.4,20.3,18.9
2008,North Carolina,,,12.9,11.3,14.6,,,,,3.1,12.9,20.1,22.4
2008,North Dakota,,,10.2,7.6,13.7,,,,,2.6,8.7,19.0,17.2
2008,Ohio,,,16.4,13,20.3,,,,,3.4,12.7,22.0,21.6
2008,Oklahoma,,,10.5,8.7,12.7,,,,,3.7,13.1,22.8,19.7
2008,Oregon,,,6.7,4.5,9.9,,,,,2.1,9.1,18.1,13.2
2008,Pennsylvania,,,10.1,8.2,12.3,,,,,2.4,10.8,21.3,18.7
2008,Puerto Rico,,,14.8,12.6,17.4,,,,,3.0,17.9,32.1,30.0
2008,Rhode Island,,,11.9,8.9,15.7,,,,,2.9,8.8,14.5,19.7
2008,South Carolina,,,12.9,10.8,15.4,,,,,2.9,15.0,21.5,19.4
2008,South Dakota,,,7.5,5.6,10,,,,,1.6,8.6,15.4,15.5
2008,Tennessee,,,14.7,11.9,18.2,,,,,4.8,13.2,21.9,18.9
2008,Texas,,,14.8,12.8,17,,,,,3.4,14.6,24.0,21.1
2008,United States,,,,,,,,,,2.3,11.9,19.8,16.9
2008,Utah,,,6.9,4.6,10.4,,,,,2.1,8.4,22.4,15.4
2008,Vermont,,,11.5,8.8,15,,,,,1.7,7.6,15.4,16.6
2008,Virgin Islands of the U.S.,,,12.8,10.3,15.9,,,,,3.9,13.7,27.2,23.1
2008,Virginia,,,12.1,9.6,15,,,,,2.5,11.2,18.2,17.6
2008,Washington,,,9.9,8.4,11.6,,,,,2.4,9.1,16.4,16.3
2008,West Virginia,,,14.1,11.3,17.4,,,,,4.8,14.7,23.2,22.4
2008,Wisconsin,,,12.3,9,16.7,,,,,2.6,8.1,16.7,19.6
2008,Wyoming,,,14.7,9.8,21.4,,,,,2.6,9.4,17.3,16.0
2009,Alabama,,,14.7,11.8,18,,,,,3.8,17.0,23.6,21.3
2009,Alaska,,,Suppressed,Suppressed,Suppressed,,,,,1.8,8.3,19.7,15.9
2009,Arizona,,,11.5,8.3,15.7,,,,,2.9,12.4,18.5,15.6
2009,Arkansas,,,14,10.4,18.7,,,,,3.7,14.0,20.4,18.5
2009,California,,,14.2,12.6,15.9,,,,,2.8,14.1,22.0,18.8
2009,Colorado,,,11.4,9.1,14,,,,,2.0,7.7,14.5,15.3
2009,Connecticut,,,13.4,9.9,17.9,,,,,1.4,8.5,15.6,16.7
2009,Delaware,,,17.7,11.7,25.8,,,,,2.7,11.0,16.3,16.6
2009,District of Columbia,,,15.1,11.3,19.8,,,,,2.1,11.0,20.7,20.4
2009,Florida,,,17.1,11.8,24,,,,,4.4,12.4,23.0,18.9
2009,Georgia,,,12.8,10.7,15.4,,,,,3.0,13.3,26.3,24.3
2009,Guam,,,14.4,9.2,22,,,,,4.7,15.0,26.7,
2009,Hawaii,,,15.8,10.7,22.8,,,,,2.8,11.0,19.0,17.5
2009,Idaho,,,11.2,8.6,14.4,,,,,2.5,10.8,18.3,19.7
2009,Illinois,,,13.2,8.7,19.7,,,,,3.4,10.2,17.6,18.8
2009,Indiana,,,13.8,11.5,16.5,,,,,2.0,13.5,24.2,20.1
2009,Iowa,,,9.6,7.1,12.8,,,,,2.4,8.8,17.2,18.5
2009,Kansas,,,13.1,10.8,15.7,,,,,2.9,10.9,17.9,20.9
2009,Kentucky,,,17.8,14.6,21.4,,,,,4.7,15.7,23.7,20.5
2009,Louisiana,,,15.7,13.3,18.5,,,,,4.1,13.9,26.8,24.9
2009,Maine,,,12.3,9.7,15.4,,,,,2.1,11.0,17.7,16.1
2009,Maryland,,,11.8,9.2,15,,,,,2.9,12.0,25.7,18.9
2009,Massachusetts,,,13.5,11.5,15.8,,,,,2.6,10.0,19.5,17.1
2009,Median of States,,,,,,,,,,2.8,11.0,19.9,18.7
2009,Michigan,,,11.7,9.4,14.5,,,,,2.8,12.2,23.5,19.5
2009,Minnesota,,,9.8,6.4,14.9,,,,,1.9,8.1,16.6,14.5
2009,Mississippi,,,15.1,13.2,17.3,,,,,3.4,16.6,26.5,21.2
2009,Missouri,,,12.9,9.5,17.2,,,,,1.8,10.6,19.3,18.5
2009,Montana,,,8.8,6.7,11.6,,,,,1.9,8.0,14.5,17.4
2009,Nebraska,,,10.6,8.3,13.5,,,,,1.8,9.4,20.0,18.0
2009,Nevada,,,12.2,8,18.3,,,,,2.7,10.2,16.4,23.9
2009,New Hampshire,,,10.1,6.5,15.2,,,,,2.1,8.7,18.2,15.5
2009,New Jersey,,,12.9,10.1,16.2,,,,,2.8,10.0,22.3,21.7
2009,New Mexico,,,11.4,9.4,13.6,,,,,3.3,11.3,17.8,18.7
2009,New York,,,14.2,11.2,17.8,,,,,2.2,12.1,22.0,20.1
2009,North Carolina,,,13.5,11.1,16.3,,,,,2.9,13.6,22.6,19.8
2009,North Dakota,,,5.9,4.1,8.3,,,,,2.0,9.7,16.5,18.3
2009,Ohio,,,14.8,12.2,17.8,,,,,4.1,12.4,22.0,20.1
2009,Oklahoma,,,12.6,10.6,14.9,,,,,4.1,14.8,20.9,23.7
2009,Oregon,,,15.6,9.4,24.9,,,,,3.9,10.0,17.6,15.3
2009,Pennsylvania,,,14.6,10.9,19.4,,,,,2.9,10.9,20.2,19.0
2009,Puerto Rico,,,17,14.1,20.5,,,,,3.7,18.3,31.9,31.9
2009,Rhode Island,,,11.6,9.3,14.5,,,,,1.4,9.6,15.4,17.5
2009,South Carolina,,,17.1,13.7,21.1,,,,,3.4,14.7,20.2,21.2
2009,South Dakota,,,8.5,6.2,11.6,,,,,1.8,9.1,18.7,15.7
2009,Tennessee,,,13.8,10.6,17.8,,,,,4.9,13.8,19.6,16.5
2009,Texas,,,12.2,10.1,14.6,,,,,3.7,13.7,21.4,19.8
2009,United States,,,,,,,,,,2.9,12.5,19.9,18.9
2009,Utah,,,10.8,8,14.5,,,,,1.7,9.4,20.0,17.5
2009,Vermont,,,10.2,7.6,13.6,,,,,1.2,7.9,14.9,14.6
2009,Virgin Islands of the U.S.,,,9.5,7.4,12.1,,,,,1.9,11.8,22.9,20.7
2009,Virginia,,,14.5,11.7,17.8,,,,,2.4,11.3,19.7,18.6
2009,Washington,,,11.2,9.4,13.3,,,,,2.8,10.0,17.6,17.9
2009,West Virginia,,,16.3,12.8,20.6,,,,,4.6,15.0,27.0,21.9
2009,Wisconsin,,,11,7.2,16.4,,,,,1.7,11.0,22.5,17.9
2009,Wyoming,,,8.6,5.4,13.5,,,,,2.0,9.9,16.0,13.0
2010,Alabama,,,15.2,12.3,18.6,9.81641791044776,28.253731343283583,13.6,27.23283582089552,5.3,15.5,25.9,19.2
2010,Alaska,,,Suppressed,Suppressed,Suppressed,7.592592592592593,23.14814814814815,7.2,21.35925925925926,1.2,7.7,16.4,20.0
2010,Arizona,,,15.2,10.6,21.3,8.546666666666665,26.94,10.0,22.933333333333334,2.3,11.5,17.4,16.4
2010,Arkansas,,,12.1,9.4,15.3,8.341333333333333,23.941333333333333,12.0,23.72133333333333,3.1,13.1,20.8,18.4
2010,California,,,13.7,12.3,15.4,7.584482758620689,22.893103448275863,7.8,18.81896551724138,2.5,12.7,22.0,18.8
2010,Colorado,,,9.1,7.1,11.5,6.5125,18.671875,5.6,18.325,2.0,8.1,15.2,14.9
2010,Connecticut,,,11.4,8.6,15.1,7.199999999999999,23.5625,7.5,21.175,2.5,8.9,14.6,17.7
2010,Delaware,,,16.9,11.3,24.5,9.166666666666666,29.5,8.8,24.4,2.3,11.1,21.2,18.9
2010,District of Columbia,,,14.2,9.4,20.9,8.4,21.2,7.8,19.5,3.3,8.8,21.0,22.1
2010,Florida,,,13.1,10.8,15.7,9.432835820895525,28.123880597014924,11.1,24.49104477611941,3.6,11.6,19.1,19.3
2010,Georgia,,,14.9,12.1,18.2,8.347798742138364,21.264150943396228,11.8,21.56981132075472,3.9,13.7,23.2,18.8
2010,Guam,,,14.2,8.7,22.2,,,,,3.9,20.3,34.3,
2010,Hawaii,,,7.7,5.2,11.3,7.8,21.46,7.8,17.9,2.8,10.3,18.1,17.8
2010,Idaho,,,12.6,9.5,16.5,7.375,22.538636363636364,8.2,20.18636363636364,2.8,10.6,17.3,18.7
2010,Illinois,,,17.8,13.1,23.8,7.1872549019607845,20.79019607843137,8.9,20.745098039215687,3.1,11.5,22.3,17.1
2010,Indiana,,,12.9,10.7,15.5,8.044565217391305,26.294565217391305,10.0,23.46195652173913,3.3,13.2,21.3,20.7
2010,Iowa,,,6.8,4.7,9.8,7.071717171717172,22.307070707070707,8.3,20.84040404040404,1.9,10.2,15.8,16.3
2010,Kansas,,,12.4,9.7,15.8,7.419047619047619,22.12761904761905,9.6,20.768571428571427,2.7,11.3,19.0,17.9
2010,Kentucky,,,12.8,10.3,15.9,8.4025,25.069166666666668,12.4,24.875,3.1,14.2,22.2,18.0
2010,Louisiana,,,14.5,12,17.4,9.36875,27.3046875,13.0,25.725,2.6,14.5,25.1,23.1
2010,Maine,,,11.3,8.8,14.3,8.03125,27.85625,9.6,21.94375,2.7,10.7,16.7,18.5
2010,Maryland,,,15.7,11.4,21.2,9.025,28.808333333333334,9.9,24.45833333333333,3.1,12.1,21.9,20.6
2010,Massachusetts,,,13.9,11.3,16.9,7.557142857142857,22.36428571428572,7.2,20.35,2.5,9.0,18.9,16.3
2010,Median of States,,,,,,,,,,2.7,11.5,20.6,18.7
2010,Michigan,,,9.9,7.7,12.8,7.871084337349397,25.44939759036145,9.8,21.56626506024097,3.9,13.0,21.5,20.8
2010,Minnesota,,,Suppressed,Suppressed,Suppressed,7.072413793103448,21.828735632183907,6.6,19.444827586206895,2.0,7.7,17.8,17.5
2010,Mississippi,,,15.8,13.8,18,10.15,28.65,14.4,27.89390243902439,4.2,17.9,26.9,21.6
2010,Missouri,,,12.1,8.8,16.4,7.46,21.973913043478262,10.3,21.763478260869565,3.1,12.9,20.7,16.7
2010,Montana,,,8.4,6.1,11.4,6.976785714285714,19.948214285714283,7.0,20.089285714285715,2.1,8.6,15.0,15.8
2010,Nebraska,,,12.2,9,16.2,7.090322580645161,22.643010752688173,7.3,21.455913978494625,2.2,9.6,18.9,17.2
2010,Nevada,,,11.7,7.3,18.1,7.2823529411764705,22.288235294117644,8.5,20.676470588235293,4.5,10.2,16.0,18.7
2010,New Hampshire,,,9.2,7,12.2,7.49,26.12,8.0,21.28,2.9,8.7,18.3,19.5
2010,New Jersey,,,13.5,10.6,16.9,8.176190476190477,25.152380952380955,8.4,24.53333333333333,2.1,12.3,21.6,21.5
2010,New Mexico,,,13.1,10.9,15.6,7.618181818181818,23.49090909090909,8.1,21.33636363636364,2.6,11.0,20.6,18.3
2010,New York,,,13.3,10.8,16.3,7.699999999999999,24.36935483870968,8.3,21.956451612903223,2.5,12.5,20.2,18.7
2010,North Carolina,,,15.5,13.2,18.1,8.793,24.779,11.5,23.304,2.8,14.0,23.2,20.0
2010,North Dakota,,,8.2,5.2,12.6,7.166037735849057,20.647169811320754,7.9,20.66981132075472,2.1,9.8,16.8,16.6
2010,Ohio,,,15.8,12.2,20.2,8.146590909090909,25.89090909090909,10.5,23.510227272727278,3.5,12.5,23.6,20.6
2010,Oklahoma,,,12.3,10.3,14.7,8.405194805194807,24.7948051948052,12.1,24.954545454545453,3.4,14.3,23.8,19.9
2010,Oregon,,,8.8,6.4,12.1,7.263888888888889,23.591666666666665,9.4,18.694444444444443,1.8,8.9,17.8,16.4
2010,Pennsylvania,,,14.2,11.4,17.6,8.234328358208955,26.965671641791044,10.3,23.449253731343283,3.3,12.3,22.6,21.7
2010,Puerto Rico,,,16.1,12.8,20,,,,,3.7,18.9,30.4,29.8
2010,Rhode Island,,,12,9.4,15.1,6.58,23.54,7.0,21.42,2.4,9.7,18.0,18.8
2010,South Carolina,,,14.7,11.6,18.5,10.128260869565215,30.85217391304348,12.6,26.752173913043475,4.5,13.4,23.8,18.7
2010,South Dakota,,,11,7.4,16.1,7.342424242424243,21.78787878787879,8.9,21.38636363636364,1.9,8.6,14.0,17.4
2010,Tennessee,,,16.4,13.1,20.5,8.046315789473685,24.267368421052637,11.8,23.61894736842105,4.2,15.2,24.9,19.6
2010,Texas,,,15,13.1,17.1,7.5208661417322835,20.208661417322837,9.6,20.51299212598425,3.5,14.0,23.3,22.6
2010,United States,,,,,,,,,,2.7,12.1,21.4,21.3
2010,Utah,,,12.5,9.5,16.2,7.2379310344827585,21.817241379310342,7.4,19.27586206896552,2.0,9.7,18.1,20.8
2010,Vermont,,,13.9,10.2,18.5,6.535714285714286,23.664285714285715,6.1,19.11428571428572,1.7,8.1,16.2,16.7
2010,Virgin Islands of the U.S.,,,14.4,10.3,19.7,,,,,3.1,11.4,26.6,26.8
2010,Virginia,,,11.7,9.3,14.5,8.06492537313433,21.86492537313433,10.6,21.437313432835825,2.3,11.5,23.0,19.7
2010,Washington,,,11.1,8.9,13.8,7.861538461538462,27.35128205128205,9.8,19.3,2.7,9.8,18.7,16.2
2010,West Virginia,,,13.7,11.2,16.6,8.665454545454546,26.19090909090909,11.8,25.785454545454545,3.9,15.7,23.1,19.2
2010,Wisconsin,,,11.9,7.9,17.6,7.322222222222223,24.754166666666663,7.5,20.49305555555556,2.0,8.9,17.8,16.3
2010,Wyoming,,,10.3,7.8,13.5,7.021739130434782,22.8,7.3,21.082608695652173,2.1,9.0,19.0,15.4
2011,Alabama,,,13.9,11.8,16.4,,,,,4.0,16.2,24.2,21.3
2011,Alaska,,,12.8,7.6,20.9,,,,,3.5,10.5,18.7,23.1
2011,Arizona,,,12.8,9.6,17,,,,,3.1,13.2,23.0,16.4
2011,Arkansas,,,11.9,9.2,15.1,,,,,4.0,15.5,23.8,18.0
2011,California,,,13,11.4,14.8,,,,,2.3,12.4,21.7,19.3
2011,Colorado,,,12.3,9.6,15.7,,,,,2.3,8.4,18.0,15.9
2011,Connecticut,,,14.1,11.2,17.7,,,,,2.6,11.1,23.9,19.8
2011,Delaware,,,13.7,10.1,18.3,,,,,2.9,12.2,20.3,22.9
2011,District of Columbia,,,15.7,10.5,22.9,,,,,2.9,13.7,20.5,25.2
2011,Florida,,,13.1,10.6,16,,,,,2.5,13.1,25.1,18.1
2011,Georgia,,,14.9,12.7,17.4,,,,,3.1,14.1,27.9,23.1
2011,Guam,,,12.5,8.2,18.8,,,,,3.3,16.7,29.9,23.2
2011,Hawaii,,,9.3,6.7,12.8,,,,,3.0,10.4,19.2,17.9
2011,Idaho,,,13.7,10.7,17.5,,,,,3.1,12.7,21.1,20.2
2011,Illinois,,,18,13.2,24.2,,,,,3.6,12.3,22.2,22.2
2011,Indiana,,,13.3,11,16.2,,,,,3.4,14.0,23.3,18.9
2011,Iowa,,,8.9,6.7,11.8,,,,,1.4,11.3,18.1,18.3
2011,Kansas,,,12.3,10.5,14.3,,,,,2.9,13.1,20.3,20.4
2011,Kentucky,,,13.7,11.5,16.2,,,,,3.3,15.3,23.6,19.7
2011,Louisiana,,,13.6,11.5,16,,,,,5.2,15.3,24.2,24.2
2011,Maine,,,11.3,9.3,13.7,,,,,2.9,11.8,18.5,19.9
2011,Maryland,,,11.3,8.8,14.3,,,,,2.9,12.1,21.6,22.7
2011,Massachusetts,,,12.3,10.2,14.7,,,,,2.6,9.8,18.2,18.9
2011,Median of States,,,,,,,,,,2.9,12.8,21.7,19.8
2011,Michigan,,,10.1,7.9,12.9,,,,,3.2,12.8,21.5,21.1
2011,Minnesota,,,10.6,8,13.9,,,,,2.8,9.0,16.1,15.5
2011,Mississippi,,,15.4,13.3,17.7,,,,,3.4,19.0,25.4,23.1
2011,Missouri,,,14.4,11,18.5,,,,,2.8,13.8,21.9,22.4
2011,Montana,,,9,6.7,11.9,,,,,1.9,9.3,19.9,17.7
2011,Nebraska,,,11.6,9.6,13.9,,,,,2.1,11.5,20.1,17.6
2011,Nevada,,,12.9,9.2,17.8,,,,,3.6,14.7,24.4,19.0
2011,New Hampshire,,,10,7.5,13.1,,,,,2.3,11.0,18.5,20.6
2011,New Jersey,,,12.8,10.7,15.2,,,,,2.5,11.0,21.7,19.0
2011,New Mexico,,,14,11.6,16.7,,,,,3.2,13.9,21.3,19.6
2011,New York,,,15.1,12.5,18.2,,,,,3.0,14.0,24.3,21.6
2011,North Carolina,,,15.3,12.9,17.9,,,,,3.1,15.3,23.8,22.5
2011,North Dakota,,,8.1,5.4,11.8,,,,,1.6,11.7,21.1,17.3
2011,Ohio,,,11.5,8.9,14.7,,,,,2.9,13.4,21.5,20.0
2011,Oklahoma,,,14.2,11.9,16.9,,,,,4.3,15.0,22.3,21.5
2011,Oregon,,,12.3,8.7,17.1,,,,,2.4,13.0,20.1,17.8
2011,Pennsylvania,,,12.1,10,14.7,,,,,2.4,11.3,24.7,18.6
2011,Puerto Rico,,,16.1,14.1,18.4,,,,,3.5,19.3,34.5,31.4
2011,Rhode Island,,,11.9,9.1,15.4,,,,,2.7,10.5,20.3,16.8
2011,South Carolina,,,15.1,12.9,17.4,,,,,4.8,15.2,26.8,21.3
2011,South Dakota,,,12.5,8.7,17.5,,,,,3.3,11.2,21.7,20.0
2011,Tennessee,,,15.2,12,19.1,,,,,3.0,13.9,27.8,25.7
2011,Texas,,,14.9,12.9,17.2,,,,,3.2,16.4,22.7,20.1
2011,United States,,,,,,,,,,2.4,12.0,22.2,18.7
2011,Utah,,,10.5,8.2,13.3,,,,,2.1,10.3,18.1,19.5
2011,Vermont,,,9.8,7.3,13.1,,,,,2.1,9.8,16.8,15.5
2011,Virgin Islands of the U.S.,,,No Data,No Data,No Data,,,,,,,,
2011,Virginia,,,14.8,11.8,18.5,,,,,3.2,14.8,23.9,20.0
2011,Washington,,,10.8,8.5,13.7,,,,,2.9,12.3,19.1,19.3
2011,West Virginia,,,13.3,11.1,15.9,,,,,3.6,17.2,22.1,19.7
2011,Wisconsin,,,11.1,7.8,15.7,,,,,2.0,11.4,18.6,18.6
2011,Wyoming,,,9.2,6.1,13.5,,,,,2.6,11.1,19.4,16.3
2012,Alabama,,,12.8,10.7,15.2,,,,,3.5,16.9,25.2,24.1
2012,Alaska,,,8.4,5.4,12.8,,,,,2.7,9.1,18.1,17.9
2012,Arizona,,,15,11.2,19.9,,,,,4.8,15.2,17.8,17.9
2012,Arkansas,,,11.1,8.7,14.2,,,,,4.0,15.5,21.6,19.2
2012,California,,,15.3,13.4,17.5,,,,,3.6,13.9,20.9,20.1
2012,Colorado,,,13.9,11.4,16.9,,,,,2.6,9.9,17.0,16.3
2012,Connecticut,,,15.4,11.7,20.1,,,,,3.0,11.4,20.7,16.3
2012,Delaware,,,12.3,8.6,17.2,,,,,3.0,12.5,18.9,21.1
2012,District of Columbia,,,15.7,10.9,22.2,,,,,2.1,14.2,17.6,25.2
2012,Florida,,,15.2,11.8,19.4,,,,,3.3,15.0,20.3,22.3
2012,Georgia,,,12.8,10.4,15.7,,,,,2.7,13.7,27.0,21.3
2012,Guam,,,11.7,7.7,17.5,,,,,4.4,14.9,28.2,
2012,Hawaii,,,11.1,6.8,17.6,,,,,2.3,10.9,14.1,15.5
2012,Idaho,,,12.9,9.4,17.4,,,,,2.3,11.1,19.8,18.9
2012,Illinois,,,14.5,10.5,19.6,,,,,3.0,12.4,21.8,19.6
2012,Indiana,,,16.1,13.6,18.9,,,,,3.2,15.0,23.7,21.6
2012,Iowa,,,15,11.9,18.8,,,,,3.1,11.9,21.5,18.7
2012,Kansas,,,11.7,9.4,14.6,,,,,3.1,12.2,20.8,19.9
2012,Kentucky,,,11.8,9.7,14.2,,,,,3.2,14.5,21.6,21.9
2012,Louisiana,,,15.7,13,18.7,,,,,3.9,17.6,26.6,21.9
2012,Maine,,,13.3,10.2,17.3,,,,,3.0,10.9,19.4,20.4
2012,Maryland,,,13.7,11,17,,,,,2.4,14.0,23.9,22.2
2012,Massachusetts,,,11.7,10,13.8,,,,,2.8,10.0,19.9,17.9
2012,Median of States,,,,,,,,,,3.0,12.8,21.5,20.0
2012,Michigan,,,13.2,10.1,17.1,,,,,3.3,13.4,23.6,18.7
2012,Minnesota,,,12.6,9.3,16.9,,,,,2.3,8.8,16.6,18.3
2012,Mississippi,,,15.6,13.1,18.5,,,,,4.6,16.9,27.4,21.7
2012,Missouri,,,14,11.1,17.5,,,,,2.7,14.4,23.2,22.3
2012,Montana,,,7.4,5.4,10,,,,,1.4,9.5,14.1,16.9
2012,Nebraska,,,7.6,6.1,9.4,,,,,2.5,10.8,17.8,16.1
2012,Nevada,,,10,7.1,13.9,,,,,3.0,11.8,20.2,19.0
2012,New Hampshire,,,13.7,10.7,17.5,,,,,1.4,11.5,23.0,19.0
2012,New Jersey,,,11.5,9.7,13.6,,,,,2.5,11.1,22.1,22.4
2012,New Mexico,,,15.1,13,17.3,,,,,3.2,14.7,19.1,20.1
2012,New York,,,15.5,12.5,19.1,,,,,2.7,12.0,22.7,24.3
2012,North Carolina,,,14.2,12.2,16.5,,,,,3.4,14.0,23.3,20.1
2012,North Dakota,,,12.1,8,17.9,,,,,2.0,10.4,20.9,22.0
2012,Ohio,,,14.9,12.3,17.8,,,,,3.8,14.9,24.3,22.3
2012,Oklahoma,,,13.6,11.4,16.2,,,,,3.6,15.7,24.1,22.8
2012,Oregon,,,16.1,11.8,21.7,,,,,3.5,13.6,19.6,17.5
2012,Pennsylvania,,,14,11.6,16.8,,,,,2.6,12.8,22.0,20.9
2012,Puerto Rico,,,18.8,16.4,21.4,,,,,3.6,24.6,35.0,35.0
2012,Rhode Island,,,12.3,9.6,15.6,,,,,3.4,12.6,21.8,16.2
2012,South Carolina,,,14.6,12.5,16.9,,,,,3.5,15.7,23.9,22.6
2012,South Dakota,,,10.2,7.3,14.1,,,,,2.5,9.5,20.0,13.8
2012,Tennessee,,,14,11.3,17.2,,,,,3.6,16.5,25.4,22.0
2012,Texas,,,15.1,13,17.4,,,,,3.5,15.2,26.3,22.8
2012,United States,,,,,,,,,,2.4,12.5,20.5,19.4
2012,Utah,,,12.7,10,15.9,,,,,2.5,10.7,19.2,19.8
2012,Vermont,,,9.9,6.4,15,,,,,2.4,7.6,15.5,18.4
2012,Virgin Islands of the U.S.,,,No Data,No Data,No Data,,,,,,,,
2012,Virginia,,,14.6,11.6,18.2,,,,,2.9,14.7,25.5,20.0
2012,Washington,,,12,9.7,14.6,,,,,2.8,11.3,20.0,19.5
2012,West Virginia,,,13.5,11.1,16.3,,,,,3.6,16.7,26.4,22.9
2012,Wisconsin,,,13.2,8.7,19.5,,,,,2.4,10.4,17.5,19.3
2012,Wyoming,,,15.1,10.3,21.6,,,,,3.1,12.1,17.8,19.3
2013,Alabama,,,18.4,15,22.3,,,,,5.0,18.3,26.4,26.6
2013,Alaska,,,Suppressed,Suppressed,Suppressed,,,,,1.8,10.2,18.2,20.5
2013,Arizona,,,16,10.9,23.1,,,,,2.7,16.2,21.8,18.8
2013,Arkansas,,,15,11.5,19.3,,,,,4.2,16.0,21.4,19.4
2013,California,,,16.4,14.2,18.8,,,,,2.9,15.0,21.8,23.2
2013,Colorado,,,10.6,8.4,13.2,,,,,2.0,7.9,17.6,15.7
2013,Connecticut,,,11.1,8.1,15,,,,,2.3,9.5,19.9,18.7
2013,Delaware,,,16.3,12.2,21.4,,,,,3.5,14.3,22.8,21.1
2013,District of Columbia,,,11.8,7.7,17.7,,,,,2.0,13.3,17.7,22.4
2013,Florida,,,14.6,12.2,17.3,,,,,2.6,13.4,23.5,23.3
2013,Georgia,,,13.9,11.7,16.3,,,,,3.5,15.8,23.8,21.8
2013,Guam,,,21.1,15.5,28.2,,,,,5.4,23.9,29.2,
2013,Hawaii,,,12.5,8.5,17.9,,,,,2.5,10.5,20.3,15.2
2013,Idaho,,,12.4,8.9,17.1,,,,,2.8,10.6,19.7,17.6
2013,Illinois,,,10.9,7.7,15.3,,,,,2.5,12.5,24.7,24.2
2013,Indiana,,,12.5,10.5,14.9,,,,,2.7,15.0,26.0,22.0
2013,Iowa,,,12.9,9.8,16.8,,,,,2.5,10.7,24.4,19.2
2013,Kansas,,,12.2,10.6,14,,,,,2.8,12.9,20.7,19.5
2013,Kentucky,,,11.1,9.2,13.4,,,,,3.5,13.1,24.2,21.7
2013,Louisiana,,,18.5,14.9,22.7,,,,,3.4,16.1,28.2,21.0
2013,Maine,,,12.4,9.3,16.5,,,,,2.8,11.1,18.5,20.6
2013,Maryland,,,14.3,11.2,18,,,,,3.2,12.1,22.4,23.1
2013,Massachusetts,,,14.4,11.9,17.3,,,,,2.4,11.0,18.3,18.9
2013,Median of States,,,,,,,,,,2.8,13.0,21.8,20.5
2013,Michigan,,,12.4,9.8,15.5,,,,,3.1,13.0,21.6,22.4
2013,Minnesota,,,11.5,8,16.3,,,,,1.8,9.1,16.6,20.5
2013,Mississippi,,,15.6,12.9,18.7,,,,,4.8,17.2,26.0,24.6
2013,Missouri,,,9.4,7.2,12.2,,,,,3.3,12.4,19.5,18.4
2013,Montana,,,8.9,6.8,11.6,,,,,2.3,8.9,17.0,16.2
2013,Nebraska,,,13.5,10.8,16.7,,,,,2.6,11.8,20.8,20.4
2013,Nevada,,,12.5,8.3,18.3,,,,,2.9,13.7,19.4,20.5
2013,New Hampshire,,,10,6.8,14.4,,,,,2.6,10.8,19.0,21.8
2013,New Jersey,,,10.8,8.7,13.2,,,,,2.1,11.6,22.5,19.9
2013,New Mexico,,,15.8,13.4,18.6,,,,,3.3,14.8,23.0,18.9
2013,New York,,,17,14.4,20.1,,,,,2.6,15.2,24.4,19.2
2013,North Carolina,,,15.2,13,17.7,,,,,3.3,15.2,23.9,25.6
2013,North Dakota,,,9.7,6.6,14,,,,,2.2,12.2,21.3,17.6
2013,Ohio,,,12.8,10.4,15.7,,,,,2.8,12.1,24.6,23.4
2013,Oklahoma,,,15.2,12.5,18.3,,,,,3.5,15.2,23.0,21.6
2013,Oregon,,,11.2,7.9,15.6,,,,,2.5,13.0,16.3,20.0
2013,Pennsylvania,,,13.3,10.8,16.2,,,,,2.4,13.0,22.5,19.1
2013,Puerto Rico,,,17.5,14.6,20.9,,,,,4.2,18.3,37.2,33.3
2013,Rhode Island,,,11.3,8.5,14.7,,,,,2.7,12.0,19.9,18.8
2013,South Carolina,,,14.4,12.4,16.7,,,,,3.4,16.3,27.1,27.0
2013,South Dakota,,,12.7,9.2,17.4,,,,,2.7,11.2,21.1,18.5
2013,Tennessee,,,19.6,14.6,25.6,,,,,4.1,17.3,23.5,20.7
2013,Texas,,,15.9,13.5,18.7,,,,,3.6,15.9,24.6,25.4
2013,United States,,,,,,,,,,2.7,12.3,21.0,20.9
2013,Utah,,,9.7,7.2,12.9,,,,,1.9,10.8,21.6,19.7
2013,Vermont,,,12.4,9,16.9,,,,,1.9,9.0,19.2,15.3
2013,Virgin Islands of the U.S.,,,No Data,No Data,No Data,,,,,,,,
2013,Virginia,,,12.3,9.7,15.5,,,,,3.0,13.6,22.5,18.5
2013,Washington,,,11.3,8.7,14.4,,,,,2.5,10.5,21.5,20.4
2013,West Virginia,,,14.4,11.7,17.5,,,,,3.8,16.5,27.0,22.4
2013,Wisconsin,,,8.7,5.5,13.6,,,,,1.9,9.9,20.3,19.5
2013,Wyoming,,,11.7,8.1,16.5,,,,,3.4,9.8,20.8,17.9
2014,Alabama,22.8,"1,281",14.9,12.6,17.7,10.544776119402986,30.029850746268657,12.3,24.64029850746269,4.8,17.8,24.3,21.0
2014,Alaska,19.4,113,9.2,6.3,13.3,7.962962962962963,26.18888888888889,7.3,19.02962962962963,1.8,10.3,21.3,21.0
2014,Arizona,24.3,"1,936",14,11.7,16.6,8.94,28.36,8.3,20.793333333333333,2.8,14.0,21.8,18.7
2014,Arkansas,24.0,828,14.6,11.2,18.8,8.906666666666666,27.588,11.5,23.976,3.9,17.9,24.7,22.8
2014,California,20.4,"8,249",15.3,13.2,17.8,7.841379310344828,23.55862068965517,7.0,17.65344827586207,2.9,15.4,21.5,22.5
2014,Colorado,15.5,835,13.9,11.5,16.8,6.696875,21.3,4.9,16.415625,2.2,9.9,16.3,17.0
2014,Connecticut,14.9,685,15.3,12.6,18.5,7.3375,25.65,5.5,19.0375,2.1,11.5,20.9,20.0
2014,Delaware,19.8,226,12.4,9.5,16,10.066666666666666,30.73333333333333,10.0,24.2,3.5,13.3,25.8,20.5
2014,District of Columbia,,,18.1,11.5,27.4,8.8,22.6,8.1,17.6,1.8,14.9,19.8,24.5
2014,Florida,19.2,"5,371",14.5,12.1,17.4,9.170149253731344,27.39253731343284,9.0,23.1089552238806,2.9,13.9,22.7,20.9
2014,Georgia,22.3,"2,230",14.6,12,17.7,8.779874213836479,24.206289308176103,10.8,19.81572327044025,2.8,17.3,26.7,24.6
2014,Guam,,,11.3,7.6,16.4,,,,,4.4,17.9,25.9,22.2
2014,Hawaii,15.4,276,12.3,8.2,18,7.68,21.18,6.6,17.56,3.7,12.8,18.4,18.4
2014,Idaho,22.9,409,10.2,7.2,14.3,7.413636363636363,25.48409090909091,6.6,18.16590909090909,2.0,10.0,16.9,18.4
2014,Illinois,18.7,"2,712",15,11.5,19.4,7.562745098039215,23.352941176470587,7.7,18.068627450980397,2.4,13.6,23.5,23.8
2014,Indiana,24.4,"1,819",14.3,12.2,16.7,8.670652173913044,28.006521739130434,9.0,22.710869565217397,3.1,14.3,22.3,23.0
2014,Iowa,25.6,"1,019",12.2,9.3,15.9,7.66060606060606,27.043434343434345,7.3,20.28080808080808,2.6,11.6,22.1,19.0
2014,Kansas,19.2,643,14.3,12.1,16.8,7.968571428571429,27.025714285714283,7.9,21.17619047619048,3.0,13.8,22.3,21.8
2014,Kentucky,23.4,"1,175",16.3,12.8,20.4,9.085,27.965,10.2,23.524166666666662,4.5,16.2,25.6,22.9
2014,Louisiana,24.8,"1,238",13.6,11.5,16,9.609375,29.3765625,11.3,25.178125,3.0,15.3,27.1,23.0
2014,Maine,22.4,414,10.4,8,13.4,7.88125,27.66875,7.8,19.25,2.3,11.6,19.3,17.2
2014,Maryland,19.8,"1,305",12.2,9.4,15.6,9.354166666666666,30.008333333333336,7.9,21.9125,2.5,13.2,24.4,21.1
2014,Massachusetts,14.5,"1,202",16.8,13.5,20.7,7.992857142857143,23.15714285714285,7.0,18.335714285714285,3.4,11.7,22.4,19.0
2014,Median of States,,,,,,,,,,2.8,13.2,22.3,21.6
2014,Michigan,23.7,"2,844",12.8,10.2,16,8.110843373493976,27.220481927710846,7.8,19.563855421686743,2.0,13.1,25.1,21.8
2014,Minnesota,18.7,"1,193",12.7,10.3,15.6,7.308045977011494,26.368965517241374,5.6,18.986206896551725,2.4,9.2,18.3,22.7
2014,Mississippi,30.4,"1,015",17.2,13.8,21.3,10.17439024390244,28.39390243902439,12.9,25.803658536585367,3.9,17.9,27.7,25.2
2014,Missouri,19.4,"1,423",12.3,9.3,16.1,8.012173913043478,25.406086956521737,8.4,20.605217391304347,3.7,13.8,23.6,22.4
2014,Montana,19.2,250,13,9.8,17,7.55,24.810714285714287,6.6,19.601785714285715,2.5,11.1,16.6,18.5
2014,Nebraska,21.5,473,13.4,11,16.3,7.486021505376344,28.412903225806453,6.3,21.49247311827957,2.6,12.7,20.0,17.4
2014,Nevada,11.4,350,10.1,6.9,14.6,7.517647058823529,23.688235294117646,6.7,19.77647058823529,2.4,11.9,24.4,22.8
2014,New Hampshire,18.0,300,11.1,7.8,15.5,8.03,27.21,6.1,19.23,2.3,11.2,19.5,19.5
2014,New Jersey,19.3,"2,062",12.4,10.1,15.1,8.4,26.390476190476196,6.6,21.98095238095238,2.6,10.9,24.2,22.7
2014,New Mexico,27.5,671,15.3,13,18,8.27878787878788,25.04848484848485,6.7,21.10909090909091,3.4,15.3,24.8,22.9
2014,New York,17.4,"4,064",14.2,11.5,17.4,7.770967741935484,24.462903225806453,7.1,19.80967741935484,2.7,13.1,21.8,23.8
2014,North Carolina,23.7,"2,687",16.5,13.7,19.6,8.919,26.109,9.0,21.416,3.2,15.1,22.0,20.8
2014,North Dakota,19.9,176,9.7,6.7,13.9,7.545283018867924,27.48867924528302,7.0,21.245283018867923,2.6,11.3,20.4,17.4
2014,Ohio,25.7,"3,641",13.2,10.5,16.5,9.085227272727272,29.04090909090909,8.6,23.14659090909091,3.0,15.5,25.1,22.7
2014,Oklahoma,29.1,"1,261",13.7,11.6,16.2,9.14935064935065,28.12727272727273,9.9,24.945454545454545,2.7,18.1,25.4,22.3
2014,Oregon,22.4,"1,083",13.7,10.2,18,7.899999999999999,25.163888888888888,7.3,16.422222222222224,2.6,10.4,20.4,21.0
2014,Pennsylvania,22.0,"3,765",16.1,13.3,19.3,8.547761194029851,28.561194029850743,8.0,21.601492537313437,2.6,14.6,23.5,22.2
2014,Puerto Rico,,,16.9,14.5,19.7,,,,,3.5,20.4,35.7,38.0
2014,Rhode Island,18.3,252,10.9,8.7,13.6,7.540000000000001,24.88,6.5,19.16,2.0,12.2,21.8,20.4
2014,South Carolina,21.8,"1,239",13.2,11.4,15.2,11.271739130434783,31.80434782608696,10.5,25.30217391304348,3.6,16.1,24.8,22.3
2014,South Dakota,21.3,224,10.5,7.1,15.2,7.966666666666666,25.33939393939394,8.1,19.025757575757577,3.0,11.4,19.0,19.4
2014,Tenessee,23.2,"1,727",,,,,,,,,,,
2014,Tennessee,,,16.3,13.1,20.2,8.606315789473685,25.33157894736842,9.6,23.19368421052632,4.1,17.9,27.1,21.6
2014,Texas,21.3,"5,348",15.9,13.8,18.2,7.499606299212599,21.735826771653542,9.5,17.898031496062995,3.2,16.3,27.0,22.5
2014,United States,,,,,,,,,,2.4,12.0,21.5,19.2
2014,Utah,24.3,570,12.1,9.8,14.8,7.441379310344828,24.56206896551724,6.6,18.27586206896552,2.3,10.5,19.3,19.7
2014,Vermont,18.7,154,11,8.2,14.6,6.628571428571428,25.164285714285715,6.0,18.542857142857144,3.1,8.3,15.8,17.7
2014,Virgin Islands of the U.S.,,,No Data,No Data,No Data,,,,,,,,
2014,Virginia,18.5,"1,683",13.6,11.1,16.4,8.384962406015038,24.157894736842103,9.4,19.81127819548872,2.3,12.6,24.3,22.5
2014,Washington,21.2,"1,668",12,9.1,15.7,8.04102564102564,27.35641025641026,6.4,17.93846153846154,2.5,12.3,18.9,18.2
2014,West Virginia,33.3,818,17.1,14.2,20.5,9.385454545454548,30.07636363636364,10.0,24.59090909090909,4.2,18.0,28.3,23.5
2014,Wisconsin,19.1,"1,352",14.3,10.8,18.6,7.597222222222222,27.641666666666666,6.4,19.24722222222222,2.3,11.0,19.3,21.2
2014,Wyoming,17.6,110,12.9,8.7,18.8,7.356521739130434,25.186956521739127,6.4,21.02173913043478,3.1,10.3,17.7,18.2
2015,Alabama,21.7,"1,255",18.5,15.6,21.9,,,,,4.1,17.8,28.3,25.2
2015,Alaska,23.9,142,15.8,9.8,24.5,,,,,1.7,11.6,19.8,20.7
2015,Arizona,25.3,"2,081",14.1,11.1,17.7,,,,,2.7,13.9,20.0,21.5
2015,Arkansas,24.7,886,13.9,10.8,17.7,,,,,2.9,19.1,23.9,22.8
2015,California,21.2,"8,845",15.6,13.7,17.8,,,,,2.8,13.7,24.0,23.0
2015,Colorado,15.9,887,11.8,9.7,14.4,,,,,2.0,8.5,17.3,15.8
2015,Connecticut,13.9,653,16.3,13.3,19.7,,,,,2.6,11.4,20.0,18.7
2015,Delaware,18.1,215,16.4,12.8,20.7,,,,,2.2,16.8,22.7,20.3
2015,District of Columbia,,,18.7,11.1,29.8,,,,,2.2,14.9,19.2,23.3
2015,Florida,18.6,"5,403",12.2,10,14.8,,,,,2.3,14.1,22.6,23.4
2015,Georgia,21.4,"2,210",13,10.3,16.4,,,,,2.2,17.2,25.2,26.1
2015,Guam,,,23.4,16.3,32.3,,,,,3.6,19.6,30.7,
2015,Hawaii,14.5,263,8.9,5.8,13.6,,,,,2.9,11.6,15.4,17.1
2015,Idaho,22.1,403,9.7,7.2,12.9,,,,,2.0,10.1,20.1,18.3
2015,Illinois,19.2,"2,817",10.9,8.3,14.1,,,,,2.5,12.2,28.1,19.9
2015,Indiana,26.9,"2,030",14.7,11.2,19,,,,,4.2,15.9,22.7,18.3
2015,Iowa,26.7,"1,077",13,9.2,18,,,,,1.8,11.7,20.7,17.0
2015,Kansas,20.2,684,12.5,11,14.3,,,,,2.7,12.4,23.5,19.5
2015,Kentucky,28.2,"1,458",18,14.7,21.8,,,,,4.4,18.3,27.5,22.0
2015,Louisiana,23.5,"1,199",17,13.8,20.7,,,,,3.7,16.3,29.8,28.1
2015,Maine,21.9,407,11.2,8.8,14.2,,,,,3.0,10.7,19.4,20.3
2015,Maryland,18.3,"1,243",12.7,9.2,17.2,,,,,2.6,13.8,22.0,23.5
2015,Massachusetts,16.7,"1,398",12.5,9.9,15.7,,,,,2.2,11.1,18.5,22.8
2015,Median of States,,,,,,,,,,2.6,12.9,22.5,21.2
2015,Michigan,22.5,"2,751",13.5,10.6,17.2,,,,,3.6,12.9,22.8,21.2
2015,Minnesota,18.6,"1,221",10,7.7,12.9,,,,,2.1,9.1,17.0,18.4
2015,Mississippi,32.4,"1,092",18.5,15.2,22.2,,,,,5.4,19.4,32.0,25.2
2015,Missouri,19.7,"1,468",13.9,11.1,17.3,,,,,3.5,14.9,23.5,22.4
2015,Montana,24.5,321,13.3,9,19.2,,,,,2.1,9.8,17.1,14.5
2015,Nebraska,24.8,553,11.3,9.2,13.9,,,,,2.3,11.3,19.7,20.2
2015,Nevada,13.4,420,9.7,6.3,14.7,,,,,3.3,11.8,21.2,23.2
2015,New Hampshire,17.9,308,11.9,8,17.2,,,,,1.5,9.4,20.1,17.0
2015,New Jersey,17.9,"1,933",13.1,10.2,16.6,,,,,1.7,10.6,23.6,20.9
2015,New Mexico,24.9,608,17.4,14.1,21.2,,,,,4.0,15.1,22.3,22.6
2015,New York,17.1,"4,045",15.6,13.1,18.4,,,,,2.6,13.2,22.5,19.3
2015,North Carolina,23.6,"2,746",13,10.7,15.7,,,,,2.4,14.3,24.0,22.8
2015,North Dakota,22.6,195,16.7,11.3,24.2,,,,,2.1,11.4,21.2,20.9
2015,Ohio,25.3,"3,645",11.2,8.8,14.2,,,,,2.0,15.1,23.7,22.8
2015,Oklahoma,32.4,"1,442",16.4,13,20.3,,,,,3.0,17.5,24.3,20.5
2015,Oregon,22.9,"1,148",15.2,11.4,20,,,,,3.2,13.9,21.2,22.0
2015,Pennsylvania,22.1,"3,777",12.9,9.7,17.1,,,,,2.1,12.3,25.3,21.1
2015,Puerto Rico,,,15.9,13.6,18.6,,,,,3.6,22.1,36.1,37.3
2015,Rhode Island,20.2,276,13.1,10.1,16.8,,,,,1.9,11.7,20.4,19.3
2015,South Carolina,23.4,"1,347",16.4,13.9,19.1,,,,,3.2,14.8,25.4,25.6
2015,South Dakota,26.3,282,12.1,7.7,18.4,,,,,2.9,11.6,17.6,21.8
2015,Tenessee,23.4,"1,798",,,,,,,,,,,
2015,Tennessee,,,15.4,11.9,19.7,,,,,4.4,17.1,23.5,23.5
2015,Texas,21.2,"5,521",16.2,13.9,18.8,,,,,3.1,17.8,25.9,23.3
2015,United States,,,,,,,,,,2.2,12.8,22.1,21.2
2015,Utah,24.6,604,11,8.6,14,,,,,1.8,10.1,21.1,20.7
2015,Vermont,19.8,159,11.9,8.7,16.1,,,,,2.5,9.4,16.2,18.7
2015,Virgin Islands of the U.S.,,,No Data,No Data,No Data,,,,,,,,
2015,Virginia,21.9,"2,044",14.9,12.2,18,,,,,3.1,12.8,25.0,23.6
2015,Washington,22.4,"1,811",13.1,10.8,15.7,,,,,2.2,10.7,20.1,18.7
2015,West Virginia,,,16.8,14,20.2,,,,,4.9,18.4,25.0,26.7
2015,Westvirginia,31.7,784,,,,,,,,,,,
2015,Wisconsin,19.4,"1,382",12.5,8.8,17.4,,,,,2.4,10.3,18.8,17.2
2015,Wyoming,20.8,136,10.6,7.1,15.5,,,,,1.6,11.5,20.1,18.3
2016,Alabama,20.1,"1,183",18.7,14.8,23.3,10.695522388059702,30.847761194029854,14.7,25.13283582089552,5.3,19.8,26.5,25.9
2016,Alaska,19.3,124,Suppressed,Suppressed,Suppressed,8.24074074074074,26.52962962962963,8.5,18.54074074074074,2.7,8.5,21.9,21.9
2016,Arizona,23.9,"2,025",14.5,11.9,17.5,9.193333333333332,27.746666666666663,8.7,22.02,2.7,16.0,21.5,19.7
2016,Arkansas,25.4,920,15.5,11,21.4,9.198666666666666,27.424000000000003,14.1,24.166666666666668,4.5,18.3,26.5,23.0
2016,California,21.4,"9,124",15.2,13.4,17.3,8.020689655172413,23.51034482758621,8.0,17.28448275862069,2.5,14.0,22.8,26.1
2016,Colorado,16.2,938,9.5,7.8,11.6,6.9078125,21.56875,5.7,15.703125,1.5,9.2,16.0,15.3
2016,Connecticut,14.9,699,16.2,13.2,19.6,7.5375,25.85,6.6,18.3125,2.3,12.2,21.9,20.0
2016,Delaware,17.0,203,14.9,10.8,20.3,10.066666666666666,31.366666666666664,10.2,26.066666666666663,2.3,13.6,23.3,21.1
2016,District of Columbia,,,15.6,12.2,19.7,9.0,24.0,7.2,16.9,1.6,13.8,20.9,18.9
2016,Florida,19.5,"5,782",15,13.1,17.2,9.91641791044776,29.43880597014925,10.1,27.33432835820896,3.4,13.4,24.2,22.5
2016,Georgia,21.2,"2,238",16.5,13.4,20.1,8.778616352201258,23.233962264150943,14.7,19.349056603773583,3.1,17.1,26.7,27.9
2016,Guam,,,13,7.8,20.9,,,,,4.0,14.7,32.6,
2016,Hawaii,15.1,285,14.7,10.2,20.5,8.4,21.94,8.0,17.580000000000002,3.4,14.4,19.5,20.5
2016,Idaho,19.8,375,12.7,9.3,17.1,7.665909090909091,25.897727272727277,6.9,18.59090909090909,2.0,11.3,21.2,21.5
2016,Illinois,18.7,"2,781",17,13.6,21.2,7.625490196078431,22.754901960784316,9.2,17.07156862745098,2.6,14.3,20.4,25.5
2016,Indiana,26.0,"1,992",14.9,12.4,17.9,8.71304347826087,28.08478260869565,10.3,21.792391304347827,3.4,15.4,24.9,22.2
2016,Iowa,20.9,847,9.7,7.3,12.7,7.756565656565656,27.09090909090909,7.9,19.505050505050505,2.1,11.2,22.4,20.0
2016,Kansas,21.2,727,10.5,8.5,12.8,8.011428571428572,28.122857142857143,8.5,21.026666666666667,2.2,12.2,22.3,21.1
2016,Kentucky,28.4,"1,479",14.9,12.2,18,9.096666666666666,28.319166666666668,11.4,23.140833333333333,4.8,16.4,27.0,23.3
2016,Louisiana,25.5,"1,324",15.7,12.7,19.3,9.778125,29.28125,14.1,23.61875,2.3,17.0,28.2,28.4
2016,Maine,23.9,463,12.7,9.1,17.5,7.875,29.2125,7.4,18.90625,2.1,12.9,19.8,21.4
2016,Maryland,19.6,"1,358",15.7,12.8,19.2,9.816666666666666,31.825000000000003,8.7,22.45,3.2,13.6,24.8,22.0
2016,Massachusetts,14.9,"1,268",14.8,11.3,19.1,7.942857142857142,23.842857142857145,6.2,18.064285714285717,2.4,11.3,21.9,20.2
2016,Median of States,,,,,,,,,,2.7,13.7,23.1,21.3
2016,Michigan,21.5,"2,672",14.1,11.6,17.1,8.35301204819277,27.59518072289157,8.8,19.13132530120482,3.1,14.5,22.9,21.1
2016,Minnesota,19.2,"1,265",13,10.8,15.7,7.562068965517241,27.4816091954023,7.5,18.417241379310344,2.1,10.6,19.2,19.4
2016,Mississippi,31.9,"1,084",17.2,14,20.9,10.251219512195124,28.99878048780488,14.5,25.38658536585365,4.5,18.5,27.7,24.7
2016,Missouri,20.1,"1,508",14.7,11.2,19.1,8.458260869565217,25.851304347826087,10.8,20.38347826086957,3.6,14.1,25.1,23.6
2016,Montana,23.6,311,9.6,6.1,14.6,7.553571428571429,24.34464285714285,7.1,18.410714285714285,1.6,10.5,16.5,17.4
2016,Nebraska,21.9,501,11.6,9.1,14.7,7.578494623655914,29.352688172043013,7.1,21.79784946236559,2.5,11.5,19.2,19.0
2016,Nevada,17.9,580,13,9.9,16.9,7.823529411764706,24.22941176470588,6.6,19.064705882352943,3.1,14.3,24.2,25.3
2016,New Hampshire,17.9,316,12.4,8.7,17.5,7.67,27.410000000000004,6.0,19.3,2.4,10.0,18.8,21.8
2016,New Jersey,17.8,"1,949",13.5,10.3,17.5,8.085714285714285,26.74761904761905,6.8,24.0,2.0,11.3,23.3,19.1
2016,New Mexico,27.2,678,17.2,14.1,20.8,8.503030303030304,25.46060606060606,7.2,19.74848484848485,3.6,15.5,25.3,19.2
2016,New York,16.9,"4,038",16.2,14.3,18.3,8.774193548387096,29.345161290322583,8.8,22.84032258064516,2.5,13.8,23.7,22.7
2016,North Carolina,23.5,"2,811",14.7,12.2,17.5,8.902999999999999,26.229,10.5,20.647,2.8,15.6,24.1,21.4
2016,North Dakota,19.4,171,10.9,7.2,16.2,7.60188679245283,27.335849056603774,7.3,20.70754716981132,2.9,11.4,19.2,18.3
2016,Ohio,24.6,"3,568",15,11.9,18.6,9.181818181818182,29.6125,8.5,23.204545454545453,2.7,14.6,24.0,21.2
2016,Oklahoma,30.8,"1,393",17.2,14,21,9.174025974025971,27.7012987012987,10.7,23.65064935064935,3.5,17.2,24.4,21.3
2016,Oregon,24.0,"1,240",14.1,10.9,18.1,7.947222222222223,26.336111111111112,8.0,16.572222222222223,3.0,11.6,20.9,18.1
2016,Pennsylvania,20.3,"3,560",16.3,12.9,20.3,8.285074626865672,27.48059701492537,8.8,20.15820895522388,2.8,13.4,26.7,21.3
2016,Puerto Rico,,,16.4,13.8,19.3,,,,,3.5,20.3,34.4,33.5
2016,Rhode Island,16.9,239,12.4,9.5,16,7.479999999999999,25.16,6.9,19.76,2.3,13.7,20.4,18.1
2016,South Carolina,22.3,"1,369",15,12.9,17.5,11.332608695652173,32.86521739130435,10.8,25.880434782608692,3.6,17.1,26.0,26.4
2016,South Dakota,23.7,253,9.3,5.8,14.5,7.856060606060606,25.392424242424244,9.1,17.62878787878788,1.1,11.2,18.2,16.0
2016,Tenessee,24.0,"1,883",,,,,,,,,,,
2016,Tennessee,,,14.3,11.3,18.1,8.811578947368421,26.231578947368423,12.1,21.94315789473684,3.0,18.7,26.5,20.3
2016,Texas,20.3,"5,470",15.6,13,18.6,7.579527559055118,21.27716535433071,11.4,16.816929133858267,2.8,17.0,27.3,23.2
2016,United States,,,,,,,,,,2.8,12.1,22.0,18.6
2016,Utah,24.6,624,9.7,7.2,12.9,7.662068965517241,24.85862068965517,7.5,17.158620689655173,1.9,10.6,21.2,19.5
2016,Vermont,20.5,166,10.9,7.9,14.8,7.207142857142857,26.314285714285717,6.1,18.557142857142857,3.1,8.7,16.7,19.2
2016,Virgin Islands of the U.S.,,,15.4,10.6,21.8,,,,,,14.8,24.7,38.8
2016,Virginia,21.7,"2,062",14.1,11.7,17,8.536090225563909,24.625563909774435,10.7,19.322556390977443,2.6,13.7,24.2,24.0
2016,Washington,20.3,"1,673",12.1,9.9,14.8,7.994871794871795,28.48205128205128,6.8,17.392307692307693,2.6,12.7,19.3,21.1
2016,West Virginia,34.8,860,17.5,14.6,20.7,10.007272727272726,31.745454545454542,12.2,23.62545454545455,4.5,19.7,28.5,23.1
2016,Wisconsin,19.9,"1,440",12.5,8.8,17.4,7.547222222222222,27.244444444444444,7.5,17.80138888888889,2.5,12.6,20.1,20.6
2016,Wyoming,16.6,112,11.6,7.6,17.4,7.256521739130435,25.86086956521739,6.4,20.969565217391303,2.2,10.8,17.3,20.6
2017,Alabama,19.8,"1,173",16.9,13.9,20.4,,,,,4.2,19.3,28.2,24.6
2017,Alaska,19.3,130,Suppressed,Suppressed,Suppressed,,,,,2.5,10.1,17.3,21.3
2017,Arizona,23.7,"2,054",13.5,11.6,15.5,,,,,2.9,15.0,20.5,18.7
2017,Arkansas,32.4,"1,180",14.5,11.3,18.5,,,,,3.7,16.5,26.2,19.6
2017,California,22.1,"9,595",16.3,14.1,18.8,,,,,2.5,14.8,24.0,23.9
2017,Colorado,17.2,"1,017",13.7,11,16.9,,,,,2.1,10.2,15.6,18.0
2017,Connecticut,14.5,694,16.2,13,20,,,,,2.6,12.1,20.2,20.6
2017,Delaware,19.1,244,15.8,12.1,20.4,,,,,2.7,13.9,23.7,23.0
2017,District of Columbia,,,16.7,12.4,22.1,,,,,2.1,12.4,15.5,24.6
2017,Florida,20.2,"6,172",13.5,11.1,16.3,,,,,2.0,13.3,20.5,21.3
2017,Georgia,21.5,"2,348",14.4,11.7,17.6,,,,,3.1,16.0,24.4,24.6
2017,Guam,,,22.7,16,31.3,,,,,4.7,23.3,33.3,
2017,Hawaii,15.9,299,15,10.3,21.2,,,,,3.4,14.6,19.8,23.2
2017,Idaho,20.3,394,13.7,10.2,18.2,,,,,2.2,11.6,17.3,21.6
2017,Illinois,19.2,"2,927",17,13.4,21.4,,,,,3.8,14.7,22.0,20.9
2017,Indiana,26.6,"2,096",15.2,13,17.6,,,,,3.2,16.0,25.0,23.4
2017,Iowa,22.8,918,12.4,9.4,16.2,,,,,2.2,12.0,19.7,22.5
2017,Kansas,25.2,874,13.5,11.4,15.9,,,,,2.9,14.1,22.1,22.5
2017,Kentucky,27.7,"1,474",15,12.1,18.4,,,,,3.1,17.1,27.4,25.9
2017,Louisiana,23.9,"1,272",16.5,13.5,19.9,,,,,4.7,19.0,27.4,23.7
2017,Maine,19.7,395,11.4,8.6,14.8,,,,,2.9,13.1,19.0,19.5
2017,Maryland,20.3,"1,439",12,9.3,15.3,,,,,3.2,13.6,21.4,21.8
2017,Massachusetts,15.1,"1,321",17.7,13.6,22.7,,,,,2.1,12.8,20.4,19.8
2017,Median of States,,,,,,,,,,2.9,13.9,21.6,21.7
2017,Michigan,22.1,"2,798",15.7,13.1,18.8,,,,,2.2,14.3,22.7,25.3
2017,Minnesota,19.3,"1,312",11.6,9.1,14.8,,,,,2.2,9.4,17.5,17.1
2017,Mississippi,33.3,"1,164",17.6,14.6,20.9,,,,,4.2,19.9,28.3,26.5
2017,Missouri,21.0,"1,605",12.5,9.9,15.5,,,,,2.3,14.2,23.1,19.5
2017,Montana,21.6,292,8.9,6.1,12.8,,,,,1.9,10.4,14.8,16.1
2017,Nebraska,25.0,575,14.5,11.7,17.9,,,,,3.1,13.4,21.9,19.9
2017,Nevada,18.3,609,11.6,7.9,16.7,,,,,2.0,15.4,21.1,22.9
2017,New Hampshire,19.2,340,9.4,6.2,13.9,,,,,2.3,9.0,19.4,17.8
2017,New Jersey,16.9,"1,908",17.3,13.9,21.4,,,,,3.4,13.8,23.4,22.0
2017,New Mexico,26.5,673,11.9,9.8,14.3,,,,,3.9,13.9,19.1,21.7
2017,New York,16.8,"4,176",15.6,13.3,18.3,,,,,2.5,13.7,23.1,23.8
2017,North Carolina,23.6,"2,903",14.1,10.7,18.3,,,,,3.7,14.7,21.6,24.5
2017,North Dakota,21.8,194,13.7,10.1,18.4,,,,,2.6,12.3,20.9,19.1
2017,Ohio,25.2,"3,740",12.9,10,16.5,,,,,3.3,14.2,23.9,21.5
2017,Oklahoma,30.6,"1,398",14.2,11.1,17.9,,,,,4.1,18.0,25.3,23.1
2017,Oregon,23.9,"1,243",11.8,8.5,16.1,,,,,2.3,12.9,20.2,18.0
2017,Pennsylvania,21.0,"3,704",10.6,7.8,14.2,,,,,2.5,13.4,22.4,20.3
2017,Puerto Rico,,,16.3,13.6,19.4,,,,,3.4,23.1,39.2,33.7
2017,Rhode Island,,,10.1,7.2,14.1,,,,,2.5,11.3,19.6,17.1
2017,Rhodeisland,18.8,275,,,,,,,,,,,
2017,South Carolina,24.5,"1,535",17,14.6,19.7,,,,,4.2,17.8,26.5,23.5
2017,South Dakota,24.9,263,18.7,11.9,28.1,,,,,4.5,11.1,22.9,27.0
2017,Tenessee,24.0,"1,915",,,,,,,,,,,
2017,Tennessee,,,20.2,16.4,24.7,,,,,3.8,17.3,26.0,26.2
2017,Texas,21.2,"5,832",17.9,15,21.2,,,,,3.1,17.5,25.9,30.5
2017,United States,,,,,,,,,,2.7,12.7,19.1,19.0
2017,Utah,22.9,596,11.1,8.3,14.7,,,,,1.7,10.4,21.1,19.9
2017,Vermont,19.2,163,11.6,8,16.6,,,,,1.8,9.4,16.7,19.4
2017,Virgin Islands of the U.S.,,,No Data,No Data,No Data,,,,,,,,
2017,Virginia,20.1,"1,967",14.4,11.7,17.7,,,,,2.9,15.1,21.6,19.7
2017,Washington,21.6,"1,812",13.6,11,16.6,,,,,3.1,12.4,18.5,17.1
2017,West Virginia,,,17.2,14.4,20.3,,,,,4.1,20.6,27.4,25.1
2017,Westvirginia,34.0,864,,,,,,,,,,,
2017,Wisconsin,19.4,"1,433",14.9,9.4,22.7,,,,,3.5,10.4,20.2,16.3
2017,Wyoming,18.1,121,11,7.4,16.2,,,,,2.3,12.8,19.3,16.4
2018,Alabama,19.4,1176,18.3,15.1,22,11.208955223880595,30.91044776119403,13.3,25.37014925373134,3.8,19.2,29.5,28.6
2018,Alaska,17.7,122,9.1,5.5,14.5,8.070370370370371,26.44074074074074,9.5,19.0,3.5,12.8,17.3,18.3
2018,Arizona,22.4,2046,15.3,11.3,20.3,9.333333333333334,29.85333333333333,8.2,21.34,3.5,13.6,22.9,19.3
2018,Arkansas,32.3,1194,16.8,13.2,21,9.609333333333334,28.328,12.0,25.06,4.8,18.7,28.6,20.9
2018,California,21.4,9506,15.4,13.6,17.4,7.953448275862069,24.11206896551724,7.8,17.641379310344828,2.6,14.4,24.9,22.3
2018,Colorado,16.1,974,12.2,10,14.7,6.8453125,21.1328125,7.4,15.278125,2.1,9.1,16.3,16.2
2018,Connecticut,14.6,708,16.4,13.4,20,7.7125,26.9375,7.0,18.975,2.5,12.0,18.9,21.7
2018,Delaware,18.8,238,13.5,10.6,17.1,10.433333333333334,34.266666666666666,8.6,27.666666666666668,2.6,16.8,22.5,21.0
2018,District of Columbia,,,15.2,11.4,20.1,8.7,24.6,5.7,18.5,2.1,15.3,19.9,21.3
2018,Florida,19.8,6204,15.1,11.9,19,10.073134328358208,30.628358208955223,8.6,27.177611940298508,4.0,14.8,25.4,20.9
2018,Georgia,22.1,2471,16.1,13.8,18.8,9.10188679245283,24.154088050314467,13.3,20.209433962264157,3.2,16.8,29.9,27.8
2018,Guam,,,21.4,14.4,30.7,,,,,4.9,23.7,31.2,35.7
2018,Hawaii,16.1,316,14.6,10.5,19.9,8.74,23.26,9.8,17.28,3.8,15.7,21.3,20.3
2018,Idaho,20.3,408,15.8,11.6,21.2,7.943181818181818,25.95,9.1,18.85909090909091,3.0,12.8,21.9,21.7
2018,Illinois,18.6,2878,12.8,10.1,16.2,7.552941176470588,22.725490196078432,13.6,17.054901960784314,2.5,13.4,23.8,19.1
2018,Indiana,26.0,2093,16.8,13.6,20.5,9.21195652173913,29.38913043478261,10.8,23.244565217391305,3.8,16.2,27.3,23.6
2018,Iowa,21.9,898,11.9,9.2,15.1,7.906060606060606,30.35050505050505,8.4,20.10606060606061,3.1,11.7,21.1,21.6
2018,Kansas,22.6,803,15,12.2,18.1,8.484761904761905,29.377142857142857,9.7,21.379047619047626,3.7,14.4,26.3,22.3
2018,Kentucky,27.9,1506,18,14.5,22.2,9.450833333333332,30.04416666666667,11.2,24.3875,3.7,18.1,27.9,27.1
2018,Louisiana,26.9,1457,14.7,11.6,18.4,9.946875,28.9578125,13.1,22.94375,3.5,21.5,26.8,27.5
2018,Maine,23.4,478,14.6,10.7,19.5,8.36875,30.0625,8.0,20.38125,3.2,11.8,18.8,22.0
2018,Maryland,19.6,1419,17.7,15,20.9,10.0125,32.483333333333334,8.3,22.5125,3.4,16.6,23.0,24.1
2018,Massachusetts,15.8,1391,11.3,8.4,15,7.378571428571428,24.24285714285714,6.4,18.564285714285717,2.8,9.9,19.0,19.0
2018,Median of States,,,,,,,,,,3.1,14.4,23.0,21.9
2018,Michigan,21.9,2824,17.3,14.1,21.2,8.321686746987952,28.23253012048193,9.4,19.6855421686747,3.1,15.1,22.1,24.9
2018,Minnesota,18.8,1308,12.5,10.2,15.2,7.811494252873564,29.52413793103448,7.1,20.10114942528736,2.4,11.2,19.2,19.7
2018,Mississippi,30.6,1074,18.4,15.1,22.3,10.928048780487805,31.332926829268292,13.0,25.589024390243903,4.8,17.1,32.8,28.7
2018,Missouri,20.8,1606,10.3,7.7,13.6,8.405217391304348,26.293913043478263,9.7,21.03043478260869,3.6,14.6,23.9,21.9
2018,Montana,19.1,267,10.9,7.3,15.9,7.817857142857143,25.414285714285715,8.7,19.90714285714285,2.7,11.5,16.4,21.2
2018,Nebraska,26.0,596,10.6,8.6,13,7.908602150537634,30.810752688172045,8.3,22.048387096774192,2.9,12.7,18.6,22.4
2018,Nevada,19.2,674,12.9,9.3,17.7,8.13529411764706,25.11764705882353,9.8,19.011764705882356,2.3,13.7,24.3,26.3
2018,New Hampshire,17.3,319,15,11.1,20.1,8.08,29.27,6.5,20.08,2.3,13.8,18.2,20.8
2018,New Jersey,16.6,1880,16,11,22.6,8.861904761904762,27.58571428571428,7.6,24.952380952380956,3.3,11.2,27.4,23.1
2018,New Mexico,26.1,685,16.1,13.3,19.3,8.712121212121213,27.35151515151515,7.7,20.166666666666668,4.3,16.4,23.3,24.1
2018,New York,18.2,4519,14.7,12.9,16.8,9.201612903225806,30.71935483870968,8.3,22.86935483870968,2.9,13.9,24.9,23.1
2018,North Carolina,23.9,3013,15.6,12.2,19.9,8.992,25.975,11.4,19.848,2.9,17.0,27.5,23.1
2018,North Dakota,24.1,214,10.6,7.1,15.5,8.09811320754717,29.27547169811321,8.7,21.32075471698113,2.6,11.9,22.8,21.7
2018,Ohio,25.4,3845,13.7,10.7,17.2,9.682954545454546,32.29204545454545,10.0,24.135227272727278,3.6,15.2,24.6,25.0
2018,Oklahoma,29.0,1340,16.2,12.8,20.4,9.215584415584416,28.05844155844156,11.2,22.666233766233766,3.6,17.0,25.5,25.7
2018,Oregon,22.9,1224,15.7,12.2,20.1,8.149999999999999,27.58333333333333,8.4,17.697222222222223,5.0,13.7,18.2,19.7
2018,Pennsylvania,20.2,3603,16,11.8,21.3,8.350746268656716,28.08059701492537,9.5,19.444776119402984,4.2,13.4,21.0,21.8
2018,Puerto Rico,,,15.6,13.1,18.6,,,,,3.0,18.8,37.3,31.7
2018,Rhode Island,17.2,249,19.2,15.1,24,7.640000000000001,25.96,6.0,19.68,2.4,14.7,22.9,21.3
2018,South Carolina,24.8,1580,16.5,14.1,19.2,11.786956521739132,33.971739130434784,11.2,26.32608695652174,3.9,17.4,26.1,24.6
2018,South Dakota,23.3,252,7.3,5,10.6,8.381818181818183,26.565151515151516,10.2,19.09090909090909,3.2,10.0,21.7,19.1
2018,Tennessee,24.5,2023,17.4,14,21.3,9.16736842105263,26.894736842105264,12.1,22.212631578947367,3.9,18.0,28.7,27.0
2018,Texas,21.1,5991,20.2,16.4,24.5,7.714566929133858,21.775196850393694,13.2,16.65511811023622,2.8,18.7,31.9,25.7
2018,United States,,,,,,,,,,3.3,12.4,21.4,21.8
2018,Utah,23.5,629,15.3,12.2,19,7.872413793103449,26.451724137931038,7.6,17.093103448275862,2.3,13.2,21.8,19.5
2018,Vermont,18.2,156,14.2,10.3,19.2,7.378571428571428,27.335714285714285,6.9,18.42142857142857,2.1,11.5,18.3,17.6
2018,Virgin Islands of the U.S.,,,No Data,No Data,No Data,,,,,,,,
2018,Virginia,22.9,2286,12.5,10.4,15,8.834586466165414,26.39548872180451,10.8,20.069172932330822,2.9,13.4,23.6,22.9
2018,Washington,20.4,1779,13.9,11.6,16.5,8.251282051282052,29.387179487179484,7.8,17.33076923076923,2.6,13.8,20.2,20.8
2018,West Virginia,,,19.3,15.9,23.3,10.510909090909092,32.69272727272727,13.7,23.37636363636364,4.0,22.5,29.6,24.4
2018,Westvirginia,36.2,927,,,,,,,,,,,
2018,Wisconsin,20.2,1508,13.8,10.1,18.5,7.480555555555556,27.88611111111111,7.5,17.63611111111111,1.6,10.9,18.3,20.6
2018,Wyoming,21.4,145,11.9,8,17.4,7.469565217391305,27.20434782608696,6.9,20.491304347826087,2.6,12.0,17.3,16.9
2019,Alabama,19.8,1224,15.8,13,19.1,,,,,3.3,20.1,26.4,25.0
2019,Alaska,16.2,111,6.9,3.8,12.2,,,,,2.0,10.8,15.7,17.8
2019,Arizona,23.4,2173,15.5,11.9,19.8,,,,,3.2,15.1,19.8,21.8
2019,Arkansas,29.8,1144,14.7,11.7,18.1,,,,,3.9,19.0,25.7,24.7
2019,California,21.8,9854,15.5,13.8,17.3,,,,,2.6,13.9,23.6,21.7
2019,Colorado,16.4,1046,11.6,9.4,14.3,,,,,2.2,9.2,15.1,16.2
2019,Connecticut,15.6,761,16.1,12.9,19.8,,,,,2.7,11.9,18.6,19.5
2019,Delaware,20.5,267,17.8,13.9,22.5,,,,,3.8,15.5,25.0,24.5
2019,District of Columbia,,,16.8,12.3,22.5,,,,,2.0,15.1,23.3,22.1
2019,Florida,19.3,6174,16.3,13.2,19.9,,,,,2.3,14.0,22.5,24.8
2019,Georgia,20.5,2375,15.1,12.5,18.1,,,,,4.0,16.2,23.4,26.3
2019,Guam,,,12.7,8.2,19,,,,,4.1,19.3,25.2,
2019,Hawaii,15.8,311,9.9,7.1,13.7,,,,,3.4,13.9,20.7,17.7
2019,Idaho,20.2,422,15.2,11.2,20.4,,,,,3.1,12.5,20.9,24.9
2019,Illinois,18.1,2825,15.4,12.6,18.6,,,,,2.4,15.4,27.2,20.3
2019,Indiana,25.0,2045,14.8,12.1,17.9,,,,,3.8,15.7,26.3,25.1
2019,Iowa,20.2,861,12.6,9.9,15.8,,,,,2.9,13.4,20.1,20.9
2019,Kansas,24.4,884,14,11,17.5,,,,,3.1,14.1,21.9,23.9
2019,Kentucky,29.1,1611,18.1,14.8,22,,,,,3.2,18.7,26.1,25.3
2019,Louisiana,26.5,1458,15.9,12.9,19.5,,,,,2.8,17.5,28.3,25.5
2019,Maine,23.6,477,16.3,11.9,22,,,,,3.3,12.3,19.7,17.8
2019,Maryland,20.5,1514,13.9,11.4,16.8,,,,,2.8,14.7,22.3,23.4
2019,Massachusetts,15.3,1383,13.8,10.6,17.8,,,,,2.2,10.2,18.1,19.0
2019,Median of States,,,,,,,,,,2.9,13.9,22.3,22.1
2019,Michigan,22.2,2916,11.5,8.8,14.9,,,,,2.7,13.8,23.7,22.2
2019,Minnesota,19.8,1404,9.9,7.9,12.3,,,,,2.6,10.4,19.3,20.3
2019,Mississippi,32.5,1159,20.1,16.5,24.2,,,,,3.8,20.5,30.8,29.1
2019,Missouri,20.9,1658,12.8,9.9,16.6,,,,,2.6,13.1,21.5,22.1
2019,Montana,20.0,282,7.5,4.9,11.3,,,,,1.4,10.3,14.9,14.9
2019,Nebraska,23.0,540,10.6,8.6,13,,,,,2.6,13.8,21.7,20.7
2019,Nevada,23.1,836,19.2,14.3,25.2,,,,,4.1,13.7,21.9,21.3
2019,New Hampshire,19.3,363,11.8,7.2,18.8,,,,,3.7,10.2,16.9,18.1
2019,New Jersey,16.7,1934,No Data,No Data,No Data,,,,,,,,
2019,New Mexico,25.4,673,16.3,13.3,19.9,,,,,4.3,15.9,22.2,23.9
2019,New York,18.0,4564,16.2,13.7,18.9,,,,,2.7,13.8,22.9,21.4
2019,North Carolina,24.1,3124,15.5,12.4,19.3,,,,,3.6,15.2,23.7,24.2
2019,North Dakota,20.0,183,12.8,9.2,17.6,,,,,1.8,12.8,21.9,18.1
2019,Ohio,25.4,3873,13.4,10.8,16.5,,,,,2.9,15.4,25.4,22.8
2019,Oklahoma,28.0,1306,16.9,14,20.4,,,,,2.7,18.1,25.5,23.4
2019,Oregon,22.9,1266,12,9,15.9,,,,,2.3,11.2,17.5,17.1
2019,Pennsylvania,20.4,3654,11.6,8.5,15.6,,,,,2.9,13.1,21.0,22.7
2019,Puerto Rico,,,17.3,14.5,20.6,,,,,4.0,21.0,33.5,37.5
2019,Rhode Island,18.3,265,16.8,13,21.5,,,,,2.4,13.9,21.0,21.9
2019,South Carolina,24.4,1610,15.3,12.6,18.5,,,,,3.5,17.5,25.5,27.0
2019,South Dakota,26.8,287,18.9,11.8,28.9,,,,,2.9,13.1,22.4,22.8
2019,Tennessee,25.9,2161,17.3,14.2,21,,,,,3.0,19.5,26.3,28.7
2019,Texas,23.6,6889,19.3,16.1,23,,,,,3.6,17.8,27.7,25.2
2019,United States,,,,,,,,,,2.4,12.2,19.5,20.7
2019,Utah,25.0,692,9.3,6.8,12.6,,,,,3.0,11.3,19.6,19.8
2019,Vermont,15.5,136,16.7,10.5,25.5,,,,,2.9,9.9,15.1,19.5
2019,Virgin Islands of the U.S.,,,No Data,No Data,No Data,,,,,,,,
2019,Virginia,22.8,2350,12.6,10.3,15.3,,,,,3.0,14.1,23.5,23.6
2019,Washington,20.5,1842,13.6,11.4,16.2,,,,,2.8,12.5,18.9,20.4
2019,West Virginia,36.2,952,18.6,14.3,23.8,,,,,4.7,18.8,30.4,26.6
2019,Wisconsin,20.2,1548,7.6,4.7,12.1,,,,,1.9,11.5,18.9,15.6
2019,Wyoming,18.5,132,8,5.4,11.8,,,,,1.8,8.5,18.1,21.1
2020,Alabama,23.6,1450,15.7,12.5,19.5,,,,,4.2,20.2,28.8,25.8
2020,Alaska,24.8,174,Suppressed,Suppressed,Suppressed,,,,,1.7,10.4,19.5,20.4
2020,Arizona,26.5,2566,15.4,12.8,18.4,,,,,3.4,14.4,22.2,20.2
2020,Arkansas,33.8,1306,13.8,10.8,17.5,,,,,3.7,19.3,22.9,24.3
2020,California,25.4,11642,15.5,12.4,19.1,,,,,3.2,14.0,19.1,20.0
2020,Colorado,18.0,1168,15.1,12.6,18.2,,,,,2.1,9.7,16.0,20.4
2020,Connecticut,17.5,861,12.7,9.9,16.1,,,,,3.3,10.4,19.3,19.5
2020,Delaware,23.8,326,14,10.4,18.5,,,,,3.7,15.2,23.5,23.3
2020,District of Columbia,,,18.4,12.6,26,,,,,1.2,14.4,19.4,19.9
2020,Florida,22.8,7528,17.5,13.5,22.4,,,,,2.7,13.3,24.6,23.0
2020,Georgia,23.9,2833,13.9,11.5,16.7,,,,,3.1,15.6,23.8,28.2
2020,Guam,,,20.2,13.8,28.8,,,,,5.8,25.4,22.9,
2020,Hawaii,17.0,339,17.3,12,24.2,,,,,3.2,13.7,19.4,24.2
2020,Idaho,22.7,488,12.6,8.4,18.5,,,,,3.0,10.5,18.5,18.7
2020,Illinois,22.2,3485,15.8,11.4,21.6,,,,,2.0,14.8,23.3,21.7
2020,Indiana,29.6,2446,13.2,10.9,15.8,,,,,3.4,15.7,24.0,22.7
2020,Iowa,24.7,1047,12.3,9.8,15.5,,,,,2.8,13.9,19.3,19.8
2020,Kansas,28.5,1041,14.2,11.4,17.6,,,,,3.2,14.7,21.6,24.1
2020,Kentucky,27.7,1549,15.5,11.9,19.9,,,,,3.7,17.9,25.5,22.4
2020,Louisiana,33.1,1843,14.8,11.5,18.8,,,,,4.2,17.4,30.7,30.7
2020,Maine,23.9,501,12.5,9.3,16.5,,,,,2.4,12.7,17.1,20.9
2020,Maryland,23.9,1784,12.9,10.3,16,,,,,3.2,12.7,20.5,22.0
2020,Massachusetts,17.2,1557,16.9,12.3,22.7,,,,,2.3,11.2,18.9,17.2
2020,Median of States,,,,,,,,,,3.2,13.9,21.6,21.9
2020,Michigan,26.0,3399,18.5,14,24,,,,,3.2,16.2,23.5,23.9
2020,Minnesota,21.0,1493,10.7,8.4,13.5,,,,,2.8,10.1,18.4,20.9
2020,Mississippi,41.0,1460,20,15.8,25,,,,,5.0,19.6,31.3,21.6
2020,Missouri,23.1,1844,12.9,10.1,16.3,,,,,3.1,13.4,23.5,20.2
2020,Montana,23.5,342,10.1,6.6,15.3,,,,,2.7,11.4,16.1,18.3
2020,Nebraska,26.2,624,13.5,10.8,16.9,,,,,3.1,12.6,20.4,20.8
2020,Nevada,24.2,904,13.6,8.9,20.1,,,,,3.6,13.2,29.0,15.7
2020,New Hampshire,19.2,364,13.2,9.2,18.6,,,,,2.5,10.9,15.8,18.0
2020,New Jersey,21.2,2443,13.4,10.6,16.9,,,,,2.6,12.1,20.1,23.1
2020,New Mexico,29.3,793,15.4,12,19.7,,,,,4.5,15.4,23.8,23.4
2020,New York,21.2,5410,17.2,14.5,20.3,,,,,2.8,13.1,20.9,22.7
2020,North Carolina,26.9,3554,15.9,12.6,19.8,,,,,4.1,15.6,24.1,25.0
2020,North Dakota,24.3,225,15,8.8,24.5,,,,,3.2,14.5,19.7,18.6
2020,Ohio,28.3,4382,16,13,19.4,,,,,4.6,15.3,23.2,22.4
2020,Oklahoma,32.8,1552,16.3,12.2,21.3,,,,,4.3,18.0,23.2,26.3
2020,Oregon,24.5,1364,11,7.8,15.4,,,,,3.7,10.2,18.4,21.8
2020,Pennsylvania,23.6,4250,13.3,9.9,17.7,,,,,3.4,13.4,21.1,24.9
2020,Puerto Rico,,,16,12.2,20.6,,,,,2.9,17.6,38.8,36.9
2020,Rhode Island,23.2,331,17,13,22,,,,,3.1,12.1,20.8,23.6
2020,South Carolina,28.5,1943,18,13.5,23.7,,,,,4.1,19.1,22.9,24.0
2020,South Dakota,29.2,329,6.8,3.9,11.7,,,,,2.6,8.3,16.0,20.3
2020,Tennessee,30.1,2590,16.2,12.3,21,,,,,4.7,18.2,26.7,27.4
2020,Texas,26.7,7990,17.8,14.4,21.7,,,,,3.3,18.9,26.8,27.6
2020,United States,,,,,,,,,,2.4,11.3,20.6,21.0
2020,Utah,27.3,778,12.6,9.6,16.4,,,,,1.9,12.7,22.2,21.8
2020,Vermont,17.5,153,14.1,9.4,20.7,,,,,2.6,9.5,13.3,16.0
2020,Virgin Islands of the U.S.,,,No Data,No Data,No Data,,,,,,,,
2020,Virginia,24.7,2585,12,9.7,14.9,,,,,2.4,14.9,24.1,23.5
2020,Washington,22.7,2072,12.6,9.9,15.8,,,,,2.5,11.8,17.1,18.5
2020,West Virginia,,,15.6,12.5,19.3,,,,,4.7,19.6,27.3,28.1
2020,Westvirginia,41.3,1075,,,,,,,,,,,
2020,Wisconsin,22.0,1684,12.9,8.5,19,,,,,2.1,10.7,18.5,20.2
2020,Wyoming,20.7,148,13.6,9.5,19.2,,,,,2.2,11.0,16.3,20.2
2021,Alabama,26.3,1652,20.1,15.6,25.6,,,,,5.0,20.8,27.5,24.0
2021,Alaska,27.0,184,11.9,8.1,17.1,,,,,2.4,12.9,17.3,16.5
2021,Arizona,27.3,2559,15.8,13,19.1,,,,,2.9,15.0,21.1,22.0
2021,Arkansas,39.3,1466,11.3,8.6,14.8,,,,,3.3,16.2,25.2,24.3
2021,California,25.5,11440,18.6,16,21.6,,,,,3.8,16.0,21.3,26.6
2021,Colorado,19.0,1204,10.4,8.2,13.1,,,,,1.8,9.3,16.4,15.3
2021,Connecticut,15.9,770,16,12,21,,,,,2.9,14.4,18.9,21.8
2021,Delaware,23.9,334,16,11.4,22,,,,,3.1,14.3,20.9,27.4
2021,District of Columbia,,,10.9,7,16.7,,,,,2.6,12.2,18.0,20.3
2021,Florida,24.8,8039,No Data,No Data,No Data,,,,,,,,
2021,Georgia,25.1,2943,15.1,11.5,19.7,,,,,3.9,16.1,25.5,26.3
2021,Guam,,,Suppressed,Suppressed,Suppressed,,,,,3.3,22.3,22.6,
2021,Hawaii,17.7,355,10.6,7,15.8,,,,,2.5,12.2,18.5,18.6
2021,Idaho,24.4,541,10.8,8.2,14,,,,,3.2,12.6,19.0,19.9
2021,Illinois,21.8,3387,11.1,7.1,16.8,,,,,2.9,15.6,19.1,21.9
2021,Indiana,31.3,2539,16.6,13.9,19.7,,,,,3.3,16.7,24.4,22.5
2021,Iowa,25.0,1025,12.6,9.6,16.4,,,,,3.1,12.5,17.7,20.0
2021,Kansas,25.6,917,14.8,12.1,18.1,,,,,3.5,15.2,20.2,22.1
2021,Kentucky,32.5,1765,17.1,12.1,23.6,,,,,4.9,19.8,24.3,20.3
2021,Louisiana,35.7,1943,12.1,9.8,14.9,,,,,4.9,18.3,24.9,26.4
2021,Maine,27.0,555,14,10,19.4,,,,,2.2,12.2,20.4,18.6
2021,Maryland,23.2,1734,13.1,10.7,15.8,,,,,3.0,14.8,22.3,21.5
2021,Massachusetts,17.3,1537,15.5,11.5,20.5,,,,,2.4,11.2,19.3,17.4
2021,Median of States,,,,,,,,,,3.0,14.4,20.6,21.9
2021,Michigan,26.7,3440,15.8,12.1,20.4,,,,,3.0,14.2,19.8,21.2
2021,Minnesota,22.6,1575,11.6,9,14.8,,,,,2.7,10.5,19.8,19.3
2021,Mississippi,42.1,1485,19.7,14.3,26.5,,,,,5.5,19.6,27.7,30.4
2021,Missouri,24.0,1876,15,12.1,18.5,,,,,3.0,16.6,20.4,19.2
2021,Montana,21.6,314,10.1,6.9,14.4,,,,,3.2,10.1,16.8,17.1
2021,Nebraska,24.6,583,13.9,11.1,17.4,,,,,2.6,13.1,20.3,18.8
2021,Nevada,23.5,869,14,9.5,20.1,,,,,3.1,14.4,24.9,25.3
2021,New Hampshire,20.8,393,15.8,10,24.1,,,,,2.5,10.4,16.5,16.8
2021,New Jersey,17.6,2073,15.9,13.1,19.2,,,,,2.4,12.5,22.8,21.1
2021,New Mexico,31.0,817,17.8,14.8,21.2,,,,,4.6,19.1,21.0,22.6
2021,New York,18.8,4841,15.9,14.1,17.8,,,,,2.8,16.4,20.7,22.6
2021,North Carolina,30.4,3931,14.4,11.4,18,,,,,2.8,16.8,25.0,28.7
2021,North Dakota,25.2,228,14.4,9.7,20.7,,,,,3.0,12.5,19.9,21.3
2021,Ohio,29.5,4461,14.6,11.8,18,,,,,3.7,15.9,25.1,23.4
2021,Oklahoma,35.1,1619,14.2,11,18.2,,,,,3.3,18.7,24.7,25.8
2021,Oregon,25.9,1434,14.1,9.9,19.9,,,,,3.1,11.1,16.9,23.9
2021,Pennsylvania,23.5,4176,12.7,9.2,17.2,,,,,3.4,13.2,20.0,23.6
2021,Puerto Rico,,,17,12.5,22.6,,,,,3.4,22.1,33.5,36.9
2021,Rhode Island,19.5,289,13.9,10.4,18.4,,,,,3.5,12.8,21.2,19.4
2021,South Carolina,26.3,1753,17.1,13.6,21.3,,,,,4.6,17.3,25.2,25.3
2021,South Dakota,28.9,306,Suppressed,Suppressed,Suppressed,,,,,2.6,16.0,16.4,24.8
2021,Tennessee,31.4,2681,16.2,12.7,20.5,,,,,3.3,19.5,27.4,27.4
2021,Texas,27.5,8136,15.9,12.9,19.5,,,,,4.6,14.1,25.1,26.4
2021,United States,,,,,,,,,,2.3,13.3,19.7,18.8
2021,Utah,29.2,837,10.7,8.1,14.1,,,,,2.4,12.2,18.9,19.3
2021,Vermont,17.9,158,13,8.8,18.6,,,,,2.3,10.7,15.9,14.9
2021,Virgin Islands of the U.S.,,,Suppressed,Suppressed,Suppressed,,,,,,,,
2021,Virginia,25.8,2667,18,14.5,22.2,,,,,2.8,15.9,23.2,23.0
2021,Washington,24.8,2237,12.4,10.1,15.2,,,,,2.4,11.8,17.6,18.7
2021,West Virginia,,,19,15.3,23.4,,,,,4.7,19.9,28.2,26.9
2021,Westvirginia,47.6,1204,,,,,,,,,,,
2021,Wisconsin,22.6,1686,10.8,6.9,16.5,,,,,2.8,11.8,17.0,17.3
2021,Wyoming,23.9,172,8.9,5.2,14.7,,,,,2.3,10.8,18.6,18.5
2022,United States,,,,,,,,,,2.4,12.5,19.5,20.6
,United States,,,,,,,,,,,,,
,,,,,,,,,,,,,,
